id,preview_url
0VTjzV78c7fn1uo1ApOSkg,
7lQ8MOhq6IN2w8EYcFNSUk,
4FATnhRDq5PbfkZMafDuxb,
5pZDYdwuEWlCT2Rs7mNyvW,https://p.scdn.co/mp3-preview/62b6f22425c33dffd599bc0d92b90045fd045c45?cid=20ddf5269e214f479a81bd27929af65c
0sf12qNH5qcw8qpgymFOqD,
0pqnGHJpmpxLKifKRmU6WP,
22skzmqfdWrjJylampe0kt,https://p.scdn.co/mp3-preview/8c9523a2742ba6dc93ce1d719e9daa8aaedaa3d8?cid=20ddf5269e214f479a81bd27929af65c
14b5S9m1tvXKEiSWAdw62r,https://p.scdn.co/mp3-preview/d746c8bdaf756f1aa07d925dfb06e285baf104ad?cid=20ddf5269e214f479a81bd27929af65c
2QjOHCTQ1Jl3zawyYOpxh6,https://p.scdn.co/mp3-preview/877602f424a9dea277b13301ffc516f9fd1fbe7e?cid=20ddf5269e214f479a81bd27929af65c
15Zz41Ec3C6Rh6nDZa8331,
1B05KTWr9SkdVukhRcPJ8v,https://p.scdn.co/mp3-preview/73d3a5fb7ed936b8ccd7a2729a3465ccfa6503f9?cid=20ddf5269e214f479a81bd27929af65c
7jtQIBanIiJOMS6RyCx6jZ,https://p.scdn.co/mp3-preview/0369cb748bc968ffd34fb4ac60f5403f2aad032f?cid=20ddf5269e214f479a81bd27929af65c
2iikrNErUXVZ9dgWzNHGsQ,https://p.scdn.co/mp3-preview/be4eafd68b1f2ff86b6feff95e95e95f3ca077be?cid=20ddf5269e214f479a81bd27929af65c
5PHgY9VKDWLk5YNA1bKw9f,https://p.scdn.co/mp3-preview/1fea436baf9660f2c5d4a8b29dc49e89f3991fb3?cid=20ddf5269e214f479a81bd27929af65c
2wOfDoTh9AQxQBNMm0QGuo,
0urTgP4nVlcZuiMVAUepCQ,https://p.scdn.co/mp3-preview/b760f738aa81a0c665f8b859d68d70fee3083735?cid=20ddf5269e214f479a81bd27929af65c
02MWAaffLxlfxAUY7c5dvx,
4xkOaSrkexMciUUogZKVTS,
0vrf1NID7s25S8ISHVZlQM,https://p.scdn.co/mp3-preview/e5d01939b20a83e66fe6daaaf973232ad53e8a36?cid=20ddf5269e214f479a81bd27929af65c
63p0noYOc50p5KRUfJyukt,https://p.scdn.co/mp3-preview/258ade110fe7dc774dce3860680352533b2a2a45?cid=20ddf5269e214f479a81bd27929af65c
2TIlqbIneP0ZY1O0EzYLlc,
2kk7bHozcPeRC9WYfLDftA,https://p.scdn.co/mp3-preview/b74f72ccb93856a4b88b861657d255597e2bf6d9?cid=20ddf5269e214f479a81bd27929af65c
1YO5hgAhxTRErZKKWyrMnu,https://p.scdn.co/mp3-preview/480200e5d9e1d78f2af138926af4e5bb7dc0899f?cid=20ddf5269e214f479a81bd27929af65c
0u2P5u6lvoDfwTYjAADbn4,
25Nui3DjJsjjr0aMFfO4S8,
4vtPjmwiNXDg7DOfB3gLet,https://p.scdn.co/mp3-preview/f28f93fe54cccefdec99ae9c05c3da704fd7d8bd?cid=20ddf5269e214f479a81bd27929af65c
1e9oZCCiX42nJl0AcqriVo,
3uUuGVFu1V7jTQL60S1r8z,https://p.scdn.co/mp3-preview/e2646d5bc8c56e4a91582a03c089f8038772aecb?cid=20ddf5269e214f479a81bd27929af65c
6bsERSsjVL4Cpt0e2t77Vx,
5qmqZ2Fh9dHhDT82afD08n,
6WrI0LAC5M1Rw2MnX2ZvEg,https://p.scdn.co/mp3-preview/87258da8a9eb8d0a0d53071e06612955e6d3b28f?cid=20ddf5269e214f479a81bd27929af65c
3yfqSUWxFvZELEM4PmlwIR,
285pBltuF7vW8TeWk8hdRR,
2VxeLyX666F8uXCJ0dZF8B,
2iUXsYOEPhVqEBwsqP70rE,
4gY9fdFTRmdyXKTmxRa4oI,
5WHTFyqSii0lmT9R21abT8,
2Wo6QQD1KMDWeFkkjLqwx5,
7yq4Qj7cqayVTp3FF9CWbm,https://p.scdn.co/mp3-preview/74698d907d114f4ba0b2c129bbf260724be80b64?cid=20ddf5269e214f479a81bd27929af65c
02CdOh37OAq88RNK1WL8TD,
25sgk305KZfyuqVBQIahim,
76nqCfJOcFFWBJN32PAksn,
1zoULyy3P5grr7iRLKKmCm,https://p.scdn.co/mp3-preview/b7c58b4eac6d64967afef762b7c7fe054637c650?cid=20ddf5269e214f479a81bd27929af65c
60a0Rd6pjrkxjPbaKzXjfq,https://p.scdn.co/mp3-preview/b5ee275ca337899f762b1c1883c11e24a04075b0?cid=20ddf5269e214f479a81bd27929af65c
3UGHQNNcJNkowbiI8Iahy0,
7FIWs0pqAYbP91WWM0vlTQ,
4f1ZqRQsjJq06CHmpvju2p,https://p.scdn.co/mp3-preview/f7649b965088e77f612c9cf8e3502d23f3a305ad?cid=20ddf5269e214f479a81bd27929af65c
1rgnBhdG2JDFTbYkYRZAku,https://p.scdn.co/mp3-preview/faad7dce8e7deeb059c7c59645c594c40342812f?cid=20ddf5269e214f479a81bd27929af65c
2Fxmhks0bxGSBdJ92vM42m,
0HqZX76SFLDz2aW8aiqi7G,
2tnVG71enUj33Ic2nFN6kZ,https://p.scdn.co/mp3-preview/ce29bb243cf40118b87070b00a49822e09a317b1?cid=20ddf5269e214f479a81bd27929af65c
25dMOeb3nDs8BPjxrQyOjR,
6gBFPUFcJLzWGx4lenP6h2,https://p.scdn.co/mp3-preview/5c45fee2743d39984ed2c1e2493d04a42d626f81?cid=20ddf5269e214f479a81bd27929af65c
1rqqCSm0Qe4I9rUvWncaom,https://p.scdn.co/mp3-preview/f6995ad54d79b7ffaf0da6833409666ada11a173?cid=20ddf5269e214f479a81bd27929af65c
6f3Slt0GbA2bPZlz0aIFXN,https://p.scdn.co/mp3-preview/e516723e41dab08c241fc981aeed21407f322d72?cid=20ddf5269e214f479a81bd27929af65c
6aBPkT8tZnZZ6ILg67OuAh,https://p.scdn.co/mp3-preview/24dbe26f501baccba090dfb6a2ec1c6984423560?cid=20ddf5269e214f479a81bd27929af65c
5HiMjc8jz0OeTnUQgp15FP,
02itaCXOdC54J0ISjqqFAp,https://p.scdn.co/mp3-preview/d45101faf877cb3d5c603f7be0f1dc6efc40ee7e?cid=20ddf5269e214f479a81bd27929af65c
4LRPiXqCikLlN15c3yImP7,
2xLMifQCjDGFmkHkpNLD9h,https://p.scdn.co/mp3-preview/8229545ded5cacf393f62b17af653dfc8171fc85?cid=20ddf5269e214f479a81bd27929af65c
1K17dNOOtcoC1gLcAbccPp,https://p.scdn.co/mp3-preview/ce75bcb4f6a68722d31cadb8d05a9c5b568b1ef9?cid=20ddf5269e214f479a81bd27929af65c
6Rc6C6S4lgT5j1OekgI155,https://p.scdn.co/mp3-preview/0c4d2f7a91577c09422f23b1dde6082a545811d1?cid=20ddf5269e214f479a81bd27929af65c
7cU3vDXfkH4bAemYBxuoJT,https://p.scdn.co/mp3-preview/39ec5a2a619ac814789b9c83507033d936a80853?cid=20ddf5269e214f479a81bd27929af65c
2qxmye6gAegTMjLKEBoR3d,https://p.scdn.co/mp3-preview/19007111a4e21096bcefef77842d7179f0cdf12a?cid=20ddf5269e214f479a81bd27929af65c
5uWUKvPNekWal505BdKgfD,https://p.scdn.co/mp3-preview/70da9deaaf4b0d68f1e275fa33ee3acf341a7765?cid=20ddf5269e214f479a81bd27929af65c
4h9wh7iOZ0GGn8QVp4RAOB,
5ljaIN5amyFn4fluFmjXy6,https://p.scdn.co/mp3-preview/5c29ff6b270c4f4b4b7b1913f638d1004778b0d1?cid=20ddf5269e214f479a81bd27929af65c
6zSpb8dQRaw0M1dK8PBwQz,
38U5WKJpBQncqAss18dLrO,https://p.scdn.co/mp3-preview/62f2efc8f521046f818667a5437db3c75a2b54d0?cid=20ddf5269e214f479a81bd27929af65c
3JEYn4Ewai3sGkJl01v9Of,https://p.scdn.co/mp3-preview/c7b9020a904a87528dfd0813be22c692162a584b?cid=20ddf5269e214f479a81bd27929af65c
5nujrmhLynf4yMoMtj8AQF,https://p.scdn.co/mp3-preview/6af6db91dba9103cca41d6d5225f6fe120fcfcd3?cid=20ddf5269e214f479a81bd27929af65c
3H7ihDc1dqLriiWXwsc2po,
6v3KW9xbzN5yKLt9YKDYA2,
3rq5w4bQGigXOfdN30ATJt,
2dsbdPTyFRLJzJsgv8RISq,
2a1o6ZejUi8U3wzzOtCOYw,
1PLekMr5mC9sf0n37TWv5G,
4yaocgESiM55W0q8I8545J,
5QO79kh1waicV47BqGRL3g,
2tpWsVSb9UEmDRxAl1zhX1,
5fwSHlTEWpluwOM0Sxnh5k,https://p.scdn.co/mp3-preview/d34fb702d404e62f9816de0af525a7e2786a2c00?cid=20ddf5269e214f479a81bd27929af65c
3ee8Jmje8o58CHK66QrVC2,
1DIXPcTDzTj8ZMHt3PDt8p,https://p.scdn.co/mp3-preview/1454c63a66c27ac745f874d6c113270a9c62d28e?cid=20ddf5269e214f479a81bd27929af65c
3KkXRkHbMCARz0aVfEt68P,
6cx06DFPPHchuUAcTxznu9,https://p.scdn.co/mp3-preview/3938e09213235a9c38dc190ec5e72024c5edf746?cid=20ddf5269e214f479a81bd27929af65c
0nQuoTxzDIVoWzaTgF5xtW,https://p.scdn.co/mp3-preview/9d66ea52ee1131c888faa868dc407af798a203cd?cid=20ddf5269e214f479a81bd27929af65c
5yz7GjTUzj3bCB6LtzU6dV,https://p.scdn.co/mp3-preview/8a65196c53c32d063efa8d483f690e96def5d3c9?cid=20ddf5269e214f479a81bd27929af65c
1tAyEL10PQDcIvEL2o75wt,https://p.scdn.co/mp3-preview/ef219c45ba2bb3e82b2709e1c583a2f64a4363c7?cid=20ddf5269e214f479a81bd27929af65c
1o0TkBcMTkkOg1KUeB4riK,https://p.scdn.co/mp3-preview/ccfbba8c4ef7cd21b1f35e4b8fd529eb01f74488?cid=20ddf5269e214f479a81bd27929af65c
1v7L65Lzy0j0vdpRjJewt1,
59qrUpoplZxbIZxk6X0Bm3,https://p.scdn.co/mp3-preview/51ee929f97903b71bdb13632d1142e7272d5193b?cid=20ddf5269e214f479a81bd27929af65c
0M2QC4tPJmNqRhd4NfOZgz,
0D6Aewbxit6kZYncgVohxU,https://p.scdn.co/mp3-preview/8b03d2732cbe4a4135feb97ab27f0e326ca3b2b3?cid=20ddf5269e214f479a81bd27929af65c
18asYwWugKjjsihZ0YvRxO,https://p.scdn.co/mp3-preview/f1bc601f20aed02799fc5adaf39c664e4ffa5101?cid=20ddf5269e214f479a81bd27929af65c
4FKC5sLNhKntZHZNxyHO5t,
3q8b8Rn1UB0bG9QG2yBgIQ,
2uD4Fw5DjWGMffAs7RWSmd,
4uUG5RXrOk84mYEfFvj3cK,https://p.scdn.co/mp3-preview/c1de960c1a98f7ab652331e5223c50baba75c460?cid=20ddf5269e214f479a81bd27929af65c
2gMXnyrvIjhVBUZwvLZDMP,
5XeFesFbtLpXzIVDNQP22n,https://p.scdn.co/mp3-preview/07de30bde8363d9ff78b72339245c151f67af451?cid=20ddf5269e214f479a81bd27929af65c
7CHi4DtfK4heMlQaudCuHK,
2WDRZdUzRYiv3JkdaMXU9p,
29MOrJUChg9gigKjgMMGEP,https://p.scdn.co/mp3-preview/98a03e9220ff8c4d95b2b4cf649b957eb9901c27?cid=20ddf5269e214f479a81bd27929af65c
4Os68ICIOhJVOPfl53TjBP,
1HhNoOuqm1a5MXYEgAFl8o,
14msK75pk3pA33pzPVNtBF,
2RvZC77XsiE9x434T6o1S2,https://p.scdn.co/mp3-preview/1369845c8b35488099e5016b245716b69a753dbf?cid=20ddf5269e214f479a81bd27929af65c
1twe8VH56PYRazRTKNk089,https://p.scdn.co/mp3-preview/3e15df408cf90e7884a81a2ba145896d9a33a9b5?cid=20ddf5269e214f479a81bd27929af65c
0E9ZjEAyAwOXZ7wJC0PD33,https://p.scdn.co/mp3-preview/4de512355f4b332fcf079a74592025ff168813ff?cid=20ddf5269e214f479a81bd27929af65c
7EQq2RCCbFOR7XnN5J1vTv,
3Mls3f2j9xGRqRRsoKA0Ef,https://p.scdn.co/mp3-preview/860f8517d490701323f8adeaf57946cff7f76df8?cid=20ddf5269e214f479a81bd27929af65c
0e7ipj03S05BNilyu5bRzt,
4cG7HUWYHBV6R6tHn1gxrl,https://p.scdn.co/mp3-preview/0a9ed687dddcd95c83e37099958bdc6d54430e4d?cid=20ddf5269e214f479a81bd27929af65c
2PHgjJwswIHOhXexoizfT0,https://p.scdn.co/mp3-preview/4bf5ce660cb2aafc8f7202fbb0f0a7e3691b270d?cid=20ddf5269e214f479a81bd27929af65c
5HCyWlXZPP0y6Gqq8TgA20,https://p.scdn.co/mp3-preview/718a2eb032524494a01f73d80af2bcf176c9f3e2?cid=20ddf5269e214f479a81bd27929af65c
3oCLp8UO1RdZC4EYxgVu3v,https://p.scdn.co/mp3-preview/fc5b51435e5397eead045060cc3a8d672b7876df?cid=20ddf5269e214f479a81bd27929af65c
3xWGA8pa0IKFI7IMPri4P0,https://p.scdn.co/mp3-preview/08cec59d36ac30ae9ce1e2944f206251859844af?cid=20ddf5269e214f479a81bd27929af65c
1DFD5Fotzgn6yYXkYsKiGs,
3XKdJfbBwnxUnn5tdaJoYL,https://p.scdn.co/mp3-preview/c57345707a820de23a9ba7d7c63d5cc501ca9e00?cid=20ddf5269e214f479a81bd27929af65c
3eekarcy7kvN4yt5ZFzltW,https://p.scdn.co/mp3-preview/387b31c31b72f0c16e33d0c78bab869b0a0f4eb3?cid=20ddf5269e214f479a81bd27929af65c
4pt5fDVTg5GhEvEtlz9dKk,https://p.scdn.co/mp3-preview/485950694eaee2c2887f897603a9bc4acc05c0bf?cid=20ddf5269e214f479a81bd27929af65c
3uAoUHEPlLa5pWKpOrmIxo,https://p.scdn.co/mp3-preview/33b860d25b88a715b7f9b52ece658c59311617f1?cid=20ddf5269e214f479a81bd27929af65c
4aSDknafFjICMMpN05Ocot,
6i7zAdNhzUN2k1HcrBxPHG,https://p.scdn.co/mp3-preview/2f651d8a0219330e6b92b822ed9166ed950cb323?cid=20ddf5269e214f479a81bd27929af65c
7MXVkk9YMctZqd1Srtv4MB,
2ECeeSi1ImwowkGOdAVI6w,https://p.scdn.co/mp3-preview/7397c451a8440f2d33af9b9aa288042cd8327648?cid=20ddf5269e214f479a81bd27929af65c
086myS9r57YsLbJpU0TgK9,https://p.scdn.co/mp3-preview/be5453a4763510679fab61e39662ab0257458be6?cid=20ddf5269e214f479a81bd27929af65c
3tjFYV6RSFtuktYl3ZtYcq,
7dt6x5M1jzdTEt8oCbisTK,
5T7eEaieasnflXh6iPLlrK,https://p.scdn.co/mp3-preview/8f546a96bc0d5b1c0042b5ccfd4e1dc4ee4d2aa6?cid=20ddf5269e214f479a81bd27929af65c
7aiClxsDWFRQ0Kzk5KI5ku,
2dpaYNEQHiRxtZbfNsse99,
5YaskwnGDZFDRipaqzbwQx,
0uUNN1nSoUx1A4fkDCWDQ7,
4zN21mbAuaD0WqtmaTZZeP,
5ZduaRci3iNUiDfJbBfAaf,https://p.scdn.co/mp3-preview/50081928cfabde0d63a4d78f893542711259652d?cid=20ddf5269e214f479a81bd27929af65c
1ALcKeanaLRqriV8qcQcjQ,
6ex1Pz3pntgy4NPtxHXN2V,https://p.scdn.co/mp3-preview/22f3a86c8a83e364db595007f9ac1d666596a335?cid=20ddf5269e214f479a81bd27929af65c
5px6upUHM3fhOP621Edp4V,https://p.scdn.co/mp3-preview/cef21e04a9987e7f988f96eec4cc161671735563?cid=20ddf5269e214f479a81bd27929af65c
1KixkQVDUHggZMU9dUobgm,https://p.scdn.co/mp3-preview/60f31c477e494d379c3eb8e6ff15d8007d0cbe0b?cid=20ddf5269e214f479a81bd27929af65c
02kDW379Yfd5PzW5A6vuGt,
1zB4vmk8tFRmM9UULNzbLB,
44ShclXTOOnYtt5CnCDeGV,
6oJ6le65B3SEqPwMRNXWjY,https://p.scdn.co/mp3-preview/6737d20b6eba8e6bc5b9270d884b04022f38d713?cid=20ddf5269e214f479a81bd27929af65c
7fZBQnc0zXwVybgCIrQQil,https://p.scdn.co/mp3-preview/952281a63dd401949d1bbd83b3b51c7f7ae551cb?cid=20ddf5269e214f479a81bd27929af65c
3M9Apu4OZfylLTFKvgEtKa,
75JtuuAnLKjLu8FyEMIzRe,
6ft4hAq6yde8jPZY2i5zLr,
7C1trmcQQ5n5RNy4l6ziCv,https://p.scdn.co/mp3-preview/00847ca0dbe476619f2d716b888141a598ad1517?cid=20ddf5269e214f479a81bd27929af65c
2YmkWevzHTiEyvgjdTKB3r,https://p.scdn.co/mp3-preview/71e9b9ffa2a550bc5099efa5fc0806c7f8421e88?cid=20ddf5269e214f479a81bd27929af65c
0faYxc8g09uniud0ToGDRb,https://p.scdn.co/mp3-preview/a10cef3fc3535d377b82a221920b3572636f9f36?cid=20ddf5269e214f479a81bd27929af65c
5kIT2DgxvQy8N0vbyws0Cm,https://p.scdn.co/mp3-preview/e0a970e9a17bb4bd650a0ca7f3700617b26d1c5f?cid=20ddf5269e214f479a81bd27929af65c
2b8fOow8UzyDFAE27YhOZM,
6MWtB6iiXyIwun0YzU6DFP,
3LnnQ6LxcWosjweeJ3Emzs,
0cUfErGDquYKSOJ6q15Vul,https://p.scdn.co/mp3-preview/82e3682123c808fb0f366899b602b54d6f1be379?cid=20ddf5269e214f479a81bd27929af65c
4VginDwYTP2eaHJzO0QMjG,
5TXDeTFVRVY7Cvt0Dw4vWW,https://p.scdn.co/mp3-preview/8f5fe8bb510463b2da20325c8600200bf2984d83?cid=20ddf5269e214f479a81bd27929af65c
6VIRqekzE2sQOAvjDnOq2M,
14JzyD6FlBD5z0wV5P07YI,
0mjAU3yKR1QnXnHtjGJqTM,
6BePGk3eCan4FqaW2X8Qy3,https://p.scdn.co/mp3-preview/6e88ed9108e2c0c493903a7d280183d6d6855272?cid=20ddf5269e214f479a81bd27929af65c
5p7ujcrUXASCNwRaWNHR1C,
0zKbDrEXKpnExhGQRe9dxt,https://p.scdn.co/mp3-preview/d4e0715dc213858f53a104ee498944a0d759b6cb?cid=20ddf5269e214f479a81bd27929af65c
6h5PAsRni4IRlxWr6uDPTP,
3HVWdVOQ0ZA45FuZGSfvns,https://p.scdn.co/mp3-preview/03dbc7b6fcafda4f5c223036f0ca919f2b65da25?cid=20ddf5269e214f479a81bd27929af65c
4y3OI86AEP6PQoDE6olYhO,
2FY7b99s15jUprqC0M5NCT,
5FW58MYtSU6mFxp88eOHI8,https://p.scdn.co/mp3-preview/9340dc3e767cce5840a85e8c80fbec2c56d590c4?cid=20ddf5269e214f479a81bd27929af65c
4TnjEaWOeW0eKTKIEvJyCa,
7vgv8KZBSo0TPzyIWG9yzV,
3oY6ANnDviyZIjYSIUX02G,https://p.scdn.co/mp3-preview/df943815aceab95abc4d3b737ce41875e578777d?cid=20ddf5269e214f479a81bd27929af65c
0nbXyq5TXYPCO7pr3N8S4I,https://p.scdn.co/mp3-preview/6306fda4df77cbcaf47c8b9fa3575ce457504c9c?cid=20ddf5269e214f479a81bd27929af65c
63SevszngYpZOwf63o61K4,https://p.scdn.co/mp3-preview/53dfd244b22ffa132a91d7b224885f44c2a776ee?cid=20ddf5269e214f479a81bd27929af65c
61ZM92T2zaXIVsqncThQzC,https://p.scdn.co/mp3-preview/310b5f90c1210f6de12d664855e37b359272e271?cid=20ddf5269e214f479a81bd27929af65c
0yLdNVWF3Srea0uzk55zFn,
23OrOFi15DbshV6viUJznF,
45bE4HXI0AwGZXfZtMp8JR,
2BgEsaKNfHUdlh97KmvFyo,https://p.scdn.co/mp3-preview/d469ce8346ff12dcd2af05877d99662a0b334eca?cid=20ddf5269e214f479a81bd27929af65c
22LAwLoDA5b4AaGSkg6bKW,
1X0AvW2wtoDeuluMYqJMdH,
2pPO9YecZimmuVQfIzfV6U,https://p.scdn.co/mp3-preview/5b9caeb409c1f273932290fd7bdfcd047aed8657?cid=20ddf5269e214f479a81bd27929af65c
4u7EnebtmKWzUH433cf5Qv,
3NuK5xMlSlB6K2Qp16zf3h,https://p.scdn.co/mp3-preview/5804c7d4834df732e50b8a752fab750d28756244?cid=20ddf5269e214f479a81bd27929af65c
51Of5p3lKZeOg6itfs4og4,
4evmHXcjt3bTUHD1cvny97,https://p.scdn.co/mp3-preview/7339f908427088d58a75f5ea674df5659a4b184c?cid=20ddf5269e214f479a81bd27929af65c
7qiZfU4dY1lWllzX7mPBI3,https://p.scdn.co/mp3-preview/7339548839a263fd721d01eb3364a848cad16fa7?cid=20ddf5269e214f479a81bd27929af65c
6u7jPi22kF8CTQ3rb9DHE7,
33zWUivvsRkfnOYx4FUmPt,https://p.scdn.co/mp3-preview/3aa101d3dd656f326e263211d28d1482e5758119?cid=20ddf5269e214f479a81bd27929af65c
18kGgBe6Huodd1J2SxYkAh,https://p.scdn.co/mp3-preview/e1ad27489e3f710418bc6fc76fbcc9c7f0cf4a48?cid=20ddf5269e214f479a81bd27929af65c
0A01SG58NY4LxLeQQmTsuv,https://p.scdn.co/mp3-preview/86d63ca4472bda2406f3dd29f068b2cffb063e4a?cid=20ddf5269e214f479a81bd27929af65c
2SoIhnJXdHp8oo0w9pktub,https://p.scdn.co/mp3-preview/984522ad8a081c5c1bb93cff724ffb19946745c8?cid=20ddf5269e214f479a81bd27929af65c
7i2VQnO1s9hlLZyDBkMBsE,https://p.scdn.co/mp3-preview/ce424dfe34389db8dd1f8b20e28114a28c54a509?cid=20ddf5269e214f479a81bd27929af65c
1Y9crZGy8iOyCPxFBPfMDP,
1ZPWWSwCkxKfqdp4H0RFCo,
14sOS5L36385FJ3OL8hew4,https://p.scdn.co/mp3-preview/f6a7d3be77aea5964ddca48cfaf1b4a88719a160?cid=20ddf5269e214f479a81bd27929af65c
58HvfVOeJY7lUuCqF0m3ly,https://p.scdn.co/mp3-preview/e7c2441dcf8e321237c35085e4aa05bd0dcfa2c4?cid=20ddf5269e214f479a81bd27929af65c
4bHXbXDT0p9exqBsW49fDo,https://p.scdn.co/mp3-preview/14659fdea50cfdbea1bed0f2d5f3d4f87ed9988b?cid=20ddf5269e214f479a81bd27929af65c
7ytR5pFWmSjzHJIeQkgog4,
7Feaw9WAEREY0DUOSXJLOM,https://p.scdn.co/mp3-preview/6ffc7ef2d119ba899f6f1bad2b951af6013b8851?cid=20ddf5269e214f479a81bd27929af65c
7lPN2DXiMsVn7XUKtOW1CS,
0VcZUeaVzBil5tN3LCzkFm,https://p.scdn.co/mp3-preview/8dd9e659be331d209adeb41488baffb2e704e902?cid=20ddf5269e214f479a81bd27929af65c
3BZEcbdtXQSo7OrvKRJ6mb,
561jH07mF1jHuk7KlaeF0s,
5sybMF2Gbm98ociatHQFpT,
7ka5vNj20Yi16uiZ06SqNi,https://p.scdn.co/mp3-preview/78a0d29bcfad59a64cfd47124133a0f688806fdc?cid=20ddf5269e214f479a81bd27929af65c
0853L9QuAoYUkHIA4d8aDO,https://p.scdn.co/mp3-preview/7e46fdc0fffc8a3d5b58045f3b03d0f09e921807?cid=20ddf5269e214f479a81bd27929af65c
017PF4Q3l4DBUiWoXk4OWT,https://p.scdn.co/mp3-preview/a0078bbdb4351ec221eb7f330bd01856636601b5?cid=20ddf5269e214f479a81bd27929af65c
2giauZanWohj58at4OEoeT,https://p.scdn.co/mp3-preview/2b8bd3d4329fdebbce018c332c76b6fa7b68fe3d?cid=20ddf5269e214f479a81bd27929af65c
2UbVnbE5FH6008mAm6Mmgw,
5bSRJo4Ox8mlk0JoOu5l7N,https://p.scdn.co/mp3-preview/4dcc07e9b9f62800fdd821233f306465a7caf594?cid=20ddf5269e214f479a81bd27929af65c
0BGwAKW4u8kWOhWFflZxfl,https://p.scdn.co/mp3-preview/e89e477c2467c477031561ff801c055c5777de4f?cid=20ddf5269e214f479a81bd27929af65c
1xbtojAZsQjOgiGdGX6ChU,
7m9OqQk4RVRkw9JJdeAw96,https://p.scdn.co/mp3-preview/df466c4bb30333c2ee904e7c876920e418d41732?cid=20ddf5269e214f479a81bd27929af65c
7COXchtUOMd6uIT6HvmRaI,
0qYWBLuP1HyzJv8WNsochH,https://p.scdn.co/mp3-preview/430a5c91c8e76460c17ec1bebe051a29ffcdfeda?cid=20ddf5269e214f479a81bd27929af65c
3CRDbSIZ4r5MsZ0YwxuEkn,https://p.scdn.co/mp3-preview/d01bb6b4b9952d95d2609632474cda8e632e044d?cid=20ddf5269e214f479a81bd27929af65c
5kRKviUY95Ra2asUeqsGBX,https://p.scdn.co/mp3-preview/20425a30c0e5b10e28241f88d17d92b83a11c14d?cid=20ddf5269e214f479a81bd27929af65c
6PERP62TejQjgHu81OHxgM,
4rPkN1FMzQyFNP9cLUGIIB,https://p.scdn.co/mp3-preview/46e92047133c80aca29179d80a11a5decfb2b37f?cid=20ddf5269e214f479a81bd27929af65c
3Xourl4xRz7cfHMznl0PlR,https://p.scdn.co/mp3-preview/377d37cf4f12850099dfb133b943a472e921dbdc?cid=20ddf5269e214f479a81bd27929af65c
6MerGM9eI90DvPU5TV9ymI,
3Wrjm47oTz2sjIgck11l5e,https://p.scdn.co/mp3-preview/39cd7cd4317a9e4c4fa1277a51eeadb2e300c7de?cid=20ddf5269e214f479a81bd27929af65c
27NovPIUIRrOZoCHxABJwK,https://p.scdn.co/mp3-preview/e692ccfcdfe7010a8c1ed61de7937c7686ed072d?cid=20ddf5269e214f479a81bd27929af65c
6nDKrPlXdpomGBgAlO7UdP,
6EtKlIQmGPB9SX8UjDJG5s,https://p.scdn.co/mp3-preview/750da82d08dd4f1840d4d37032473167cdd3033b?cid=20ddf5269e214f479a81bd27929af65c
5o5F8K2f2J258y3ZpfU5Ii,https://p.scdn.co/mp3-preview/3c1c5243e7c77e154c7e978179c3067b215c896e?cid=20ddf5269e214f479a81bd27929af65c
1f38Gx6xQz6r4H1jGVNBJo,
5hmcw6bW5V24CvJqsz87We,https://p.scdn.co/mp3-preview/ef88e251eb914822e338665db8dfdb86f7b6a471?cid=20ddf5269e214f479a81bd27929af65c
5pYNDOTIoZZ5ab77vb8EO3,https://p.scdn.co/mp3-preview/49ed76e69d1ea7bad6b505d592c5b33cbc40f6f3?cid=20ddf5269e214f479a81bd27929af65c
2FjAl2iDsR9LtXQZa3XNag,https://p.scdn.co/mp3-preview/82c419a4d447eb223a8880fd5d1efd135770f259?cid=20ddf5269e214f479a81bd27929af65c
10wMZu2Y9o55ylw6mRSiKB,https://p.scdn.co/mp3-preview/37e3b92a2572cd72c6b06c37e4882dfe5df131d8?cid=20ddf5269e214f479a81bd27929af65c
5yY9lUy8nbvjM1Uyo1Uqoc,https://p.scdn.co/mp3-preview/f7e8ac5cc4f6b702718ac3e2e280e270ac16facc?cid=20ddf5269e214f479a81bd27929af65c
1esZgaqm0YKN87CIP3orJ3,https://p.scdn.co/mp3-preview/700dad061261efadd9fb0a7eb002f04872ab7e49?cid=20ddf5269e214f479a81bd27929af65c
5vdp5UmvTsnMEMESIF2Ym7,
0tp6mwUt99QnfY95T30Lqj,
6ho0GyrWZN3mhi9zVRW7xi,
1odExI7RdWc4BT515LTAwj,
5WthbIy7Qp7HmGYGRCZ43z,https://p.scdn.co/mp3-preview/6fe04c6fa3d93cf0f072aa43883e68fccc1aa2c4?cid=20ddf5269e214f479a81bd27929af65c
1o1jU5NJW5lTAllW6udk6Y,
5w9c2J52mkdntKOmRLeM2m,
7xOUR4tRfNXMBcSgesqROh,https://p.scdn.co/mp3-preview/33fd5c06acdb7675b3da5d6692ee70c425751e1d?cid=20ddf5269e214f479a81bd27929af65c
5YdnOm5990Kfq1Jodws98B,
6yvsTtv6ZBMI53Z20PiIoQ,https://p.scdn.co/mp3-preview/d7e8b47d6d8a590108dfafea4c78badd915d30a2?cid=20ddf5269e214f479a81bd27929af65c
1jI95q1ZSLZuVNdOMwaoUL,https://p.scdn.co/mp3-preview/06b984a2a00249c88e9b948a66f4c9de515b2b0b?cid=20ddf5269e214f479a81bd27929af65c
2biPYSmD5KT3ToQtgQFXTT,https://p.scdn.co/mp3-preview/946619c13216eb3ce21a1447c2da4b38f356b183?cid=20ddf5269e214f479a81bd27929af65c
0XilNm77D1XTBEMFHNoHGr,https://p.scdn.co/mp3-preview/f32935ceb20e6e2ccf49287e52308e09113c7c44?cid=20ddf5269e214f479a81bd27929af65c
5ZY255MSISgMrvHmRZux1E,https://p.scdn.co/mp3-preview/0b9b57d25b7cc89277f3f574630bc2e0f7b211d8?cid=20ddf5269e214f479a81bd27929af65c
3UlXaigjBM3sHyOpDbh1RI,https://p.scdn.co/mp3-preview/1ba498e465452b3459409d2f58b3f068fdcd2b4b?cid=20ddf5269e214f479a81bd27929af65c
1Qzkw4QaTXbVd1TmDzSNOv,https://p.scdn.co/mp3-preview/82d77ee48ba8db92a0da1955c3c813b656448552?cid=20ddf5269e214f479a81bd27929af65c
1QDy12gTK9FOicLhQYqxHB,
2dHHgzDwk4BJdRwy9uXhTO,
3rb0tMq42WfggucPm0HHkA,
79s5XnCN4TJKTVMSmOx8Ep,
6LsAAHotRLMOHfCsSfYCsz,
5hrqYOAOfilrvKT5Et0agg,https://p.scdn.co/mp3-preview/50efdc423c2cb99f55e24212bb896866c0c91c6f?cid=20ddf5269e214f479a81bd27929af65c
5OdoKFV4DqciztFZG8WEcm,https://p.scdn.co/mp3-preview/421f817eaaa6b2291e6932792ddbbee3476ed676?cid=20ddf5269e214f479a81bd27929af65c
3EUmMPmhhpICaQ6ubu4hle,https://p.scdn.co/mp3-preview/67196c948c664979e1a14d0d53366b25b6e78d4f?cid=20ddf5269e214f479a81bd27929af65c
1M4qEo4HE3PRaCOM7EXNJq,
4NzMOnvSJVNKF7nw5NkXIP,
0ct6r3EGTcMLPtrXHDvVjc,
0c7K73roy6RW4ebDkf4yGh,https://p.scdn.co/mp3-preview/0787ab4277d28a0219d918ea01720dc215ba103b?cid=20ddf5269e214f479a81bd27929af65c
7ef4DlsgrMEH11cDZd32M6,https://p.scdn.co/mp3-preview/0c09da1fe6f1da091c05057835e6be2312e2dc18?cid=20ddf5269e214f479a81bd27929af65c
1xQ6trAsedVPCdbtDAmk0c,https://p.scdn.co/mp3-preview/70e9427cbf64fb1d8520366219ec79ff41d5b0a1?cid=20ddf5269e214f479a81bd27929af65c
1cf5u4F1zIvn9wUjhqzxm9,
2g66WNGrG37asGLh88d2Lu,https://p.scdn.co/mp3-preview/01b2fd8b1d5511ff81ba0c5dd46663aa126562bd?cid=20ddf5269e214f479a81bd27929af65c
1WMymP7Mj6GrI2VReJFSJD,https://p.scdn.co/mp3-preview/74af856d3230235a53d68b93125fe690f724246d?cid=20ddf5269e214f479a81bd27929af65c
2OcJ6IFLooNGjyiL9HaDab,https://p.scdn.co/mp3-preview/05daf914057e0a91383d511ca3b69c124218fa7e?cid=20ddf5269e214f479a81bd27929af65c
7knuVKl5CtGWnSAAWWWUL6,
5hAuDDOTUaspvHJSm2AltF,https://p.scdn.co/mp3-preview/006ecb1a83c6b3157dae656d658133b557355a51?cid=20ddf5269e214f479a81bd27929af65c
0AUyNF6iFxMNQsNx2nhtrw,https://p.scdn.co/mp3-preview/d46487055dd5c655df86280dc12f8ebbf9f75cd5?cid=20ddf5269e214f479a81bd27929af65c
7FGq80cy8juXBCD2nrqdWU,
0siYMEsGrzzzlWLXK5zJfS,https://p.scdn.co/mp3-preview/94fe8be6130e62c1cc2b792605f5a9001c9aa587?cid=20ddf5269e214f479a81bd27929af65c
3587lsrur0nDemFY0xbpN9,
6gi6y1xwmVszDWkUqab1qw,https://p.scdn.co/mp3-preview/63aafaebdbc7655a5c1630cd848b3b82378900a2?cid=20ddf5269e214f479a81bd27929af65c
3ZCTVFBt2Brf31RLEnCkWJ,
1A1UTrTxZGjybb29iLCVAF,
5PYQUBXc7NYeI1obMKSJK0,
0Ei1aBiIELwXmUcIZDETOi,https://p.scdn.co/mp3-preview/754b10deee37752badc400b9f929f3ddc4fae6cb?cid=20ddf5269e214f479a81bd27929af65c
51Fjme0JiitpyXKuyQiCDo,https://p.scdn.co/mp3-preview/7b232b80a94250d348f64ba036acdc211bb04585?cid=20ddf5269e214f479a81bd27929af65c
15h0TVG4qO6eutqjHQXb08,
6w9aIT3TyqClXIcKyw6W1a,https://p.scdn.co/mp3-preview/ec834e3d4ad4962f3be345ee67353e130dab3473?cid=20ddf5269e214f479a81bd27929af65c
6Uj1ctrBOjOas8xZXGqKk4,https://p.scdn.co/mp3-preview/2ae0b61e45d9a5d6454a3e5ab75f8628dd89aa85?cid=20ddf5269e214f479a81bd27929af65c
748mdHapucXQri7IAO8yFK,https://p.scdn.co/mp3-preview/e3ea7622ca746e1e96c3dac7d7e07b7ccfdeb3f1?cid=20ddf5269e214f479a81bd27929af65c
1R0a2iXumgCiFb7HEZ7gUE,
0nrRP2bk19rLc0orkWPQk2,
3BKD1PwArikchz2Zrlp1qi,https://p.scdn.co/mp3-preview/a8f2e176e17e0f6298b42ef8e96118318fdd2b89?cid=20ddf5269e214f479a81bd27929af65c
6OufwUcCqo81guU2jAlDVP,https://p.scdn.co/mp3-preview/7d9ec9cde591eb2ac749710539a3a49d9f4ed30e?cid=20ddf5269e214f479a81bd27929af65c
3kmBT0nbeNoaRlFMZbAOfb,https://p.scdn.co/mp3-preview/83600dbedee3e549706832556dbab80a1ea14757?cid=20ddf5269e214f479a81bd27929af65c
3AjSfp5FDvwtMU9XBsbS8j,https://p.scdn.co/mp3-preview/b7bd7fa2bdcb29f456bdc684885b56fa091efd64?cid=20ddf5269e214f479a81bd27929af65c
24ySl2hOPGCDcxBxFIqWBu,
5CLGzJsGqhCEECcpnFQA8x,https://p.scdn.co/mp3-preview/42bed25b46185f77cd30b12cc772ec229c29ff51?cid=20ddf5269e214f479a81bd27929af65c
0YrojVR0LLrXAQQu8o6GuE,https://p.scdn.co/mp3-preview/b2dfa8fe89417679d9d0267283a88537c54086d8?cid=20ddf5269e214f479a81bd27929af65c
5JqZ3oqF00jkT81foAFvqg,
4iJyoBOLtHqaGxP12qzhQI,
2LBqCSwhJGcFQeTHMVGwy3,
7L1hQz6lpfdskdWNbsBg4L,https://p.scdn.co/mp3-preview/f0d2d9cc5ddc086bd50dd824fdd8ad8be1f40082?cid=20ddf5269e214f479a81bd27929af65c
0WiQVffKlsnClBBKZ1K3Zj,https://p.scdn.co/mp3-preview/f608df399f8ff39c53fd7dca5319450e98b10278?cid=20ddf5269e214f479a81bd27929af65c
0e8nrvls4Qqv5Rfa2UhqmO,https://p.scdn.co/mp3-preview/f6958f897e3817fcbb6647d62f66c71ee96d1981?cid=20ddf5269e214f479a81bd27929af65c
0R7YvZPeHphkV48ffoGmsl,https://p.scdn.co/mp3-preview/3e0b5dcd10777159fc8c281ecf10bebf49aa4f03?cid=20ddf5269e214f479a81bd27929af65c
6zFMeegAMYQo0mt8rXtrli,https://p.scdn.co/mp3-preview/b79453d395e3102f2ea7ccd14a13b7deba8f571b?cid=20ddf5269e214f479a81bd27929af65c
2F2p7b5Xq20mRyEeWYaeUF,https://p.scdn.co/mp3-preview/11f3f82e39b5fdba958a25a10d6c8d22e6bdab8c?cid=20ddf5269e214f479a81bd27929af65c
7DbdUf8aHSYoliSjO6LZv6,https://p.scdn.co/mp3-preview/540484a9fd55e0e02586dad251f98e3d7ef42067?cid=20ddf5269e214f479a81bd27929af65c
6wo37KVqFJhtuxPTpLCcfe,
38qhsm0c4QVk6BMhtvZFWv,https://p.scdn.co/mp3-preview/edff87b40f1870bdfed3821a4f93d4135e1f3401?cid=20ddf5269e214f479a81bd27929af65c
2Hh3ETdQKrmSI3QS0hme7g,
6WQEKiTWe0n15DdcPg8wab,https://p.scdn.co/mp3-preview/b44a177e1d72d8de7643e0189125a997f2eed11f?cid=20ddf5269e214f479a81bd27929af65c
52GlArsRTqvo36GXJQa7ab,
7A9EcBrwTG6bwswUy7beWW,
3Z8FwOEN59mRMxDCtb8N0A,
6WBuRbov384zl6wPJ49piD,https://p.scdn.co/mp3-preview/e6401003a19f150f67d5aa1ee432a130b98186d7?cid=20ddf5269e214f479a81bd27929af65c
6Gg1gjgKi2AK4e0qzsR7sd,
0JP9xo3adEtGSdUEISiszL,
6Dy1jexKYriXAVG6evyUTJ,https://p.scdn.co/mp3-preview/67d7d482ebf4bd1694d4e60c4a47f604880ab98a?cid=20ddf5269e214f479a81bd27929af65c
0xfMlIW8lS40qvpsUw1l0X,
3nqQXoyQOWXiESFLlDF1hG,
5K6Ssv4Z3zRvxt0P6EKUAP,https://p.scdn.co/mp3-preview/fc1aa9aa9e150cae0ad9c545a7f2ea1e3d1fc903?cid=20ddf5269e214f479a81bd27929af65c
7eJMfftS33KTjuF7lTsMCx,https://p.scdn.co/mp3-preview/e88548073883ae36ba42ee5f1d1096568e417737?cid=20ddf5269e214f479a81bd27929af65c
3LtpKP5abr2qqjunvjlX5i,https://p.scdn.co/mp3-preview/41105628e270a026ac9aecacd44e3373fceb9f43?cid=20ddf5269e214f479a81bd27929af65c
2R26Jx9XGyA7SODZ1Fr0of,
6eaaIxWaso3ooRdPDS5PuN,https://p.scdn.co/mp3-preview/25d210178ee3d5387d64c0f7ec679f5968b8e7b4?cid=20ddf5269e214f479a81bd27929af65c
5i2ApkDA9lwZOkHrXpACof,
7K7MUBCnzgBAvMVW2RTWNs,
2Jkt3ShrZQPNTRx5ygp3JF,https://p.scdn.co/mp3-preview/5895215215d65c5288d6f03643be39617e0c58db?cid=20ddf5269e214f479a81bd27929af65c
3eJH2nAjvNXdmPfBkALiPZ,https://p.scdn.co/mp3-preview/89851113e01728e469e09eadc5781bb2293d7cd2?cid=20ddf5269e214f479a81bd27929af65c
7z2PHEhTL0HyDwTC36EoPh,
1rCcsYnmqbMYdkG7kS9GC5,https://p.scdn.co/mp3-preview/b85a0a7957e47ba151a1da8d101449c10b8fcb1e?cid=20ddf5269e214f479a81bd27929af65c
1dgiE7iJxB1KibWdlURUfz,https://p.scdn.co/mp3-preview/30bbeb051b864e66c4d5c469cd73fb8be5500f1e?cid=20ddf5269e214f479a81bd27929af65c
3NSBh6qLvHPHMVoj4ET5Rc,https://p.scdn.co/mp3-preview/ae1cf1fc83adc08fd575809404dcbe698b780128?cid=20ddf5269e214f479a81bd27929af65c
7LzouaWGFCy4tkXDOOnEyM,https://p.scdn.co/mp3-preview/b043b84b93a893045b47db32f6dd5364a8b6dfda?cid=20ddf5269e214f479a81bd27929af65c
08bNPGLD8AhKpnnERrAc6G,https://p.scdn.co/mp3-preview/6245dd62009fbbe6c5479d10d5470024553d60d0?cid=20ddf5269e214f479a81bd27929af65c
1vYXt7VSjH9JIM5oRRo7vA,https://p.scdn.co/mp3-preview/acaea048f50a3b30ca24b348c84a6047373baabb?cid=20ddf5269e214f479a81bd27929af65c
78Jj0xPR2y4KMAtYuWpRly,
5TGcyccg8Hkgn9jB7gUpMN,https://p.scdn.co/mp3-preview/3a9880f275cd16f7a25f39118600a4e09a228676?cid=20ddf5269e214f479a81bd27929af65c
6pb5DtlAeG95dNQLHiArRU,https://p.scdn.co/mp3-preview/962a8a205fd27aff7d24bda48a597d19e2307fc4?cid=20ddf5269e214f479a81bd27929af65c
20on25jryn53hWghthWWW3,
1E2flGJxXQNeBLRqQXiAsK,https://p.scdn.co/mp3-preview/7b60063a33e0f3286246c55e45544e5022c7b9f4?cid=20ddf5269e214f479a81bd27929af65c
0bI7K9Becu2dtXK1Q3cZNB,https://p.scdn.co/mp3-preview/b5b4a420871f198f6526d15d58fa3c90c4a4ad0a?cid=20ddf5269e214f479a81bd27929af65c
1tCIXEBHBFHO1x3M07z3xy,https://p.scdn.co/mp3-preview/3f92a48eebabe1fb70248fbda1d6bf0ca96dee25?cid=20ddf5269e214f479a81bd27929af65c
0NxaeghanNqjJKfye9l3io,https://p.scdn.co/mp3-preview/08141029486f1a24da94491bc19222eee7cd14e2?cid=20ddf5269e214f479a81bd27929af65c
5SDMdbd64hSpeg1OTCUy7L,https://p.scdn.co/mp3-preview/338f24819b6d2647cad7b80871aa536ca1a46902?cid=20ddf5269e214f479a81bd27929af65c
30ezZEzXPCyUUv8Rr8lnB4,https://p.scdn.co/mp3-preview/e78f89cc7d0def0e4114723d7b145fb31c1484d0?cid=20ddf5269e214f479a81bd27929af65c
0qaWEvPkts34WF68r8Dzx9,https://p.scdn.co/mp3-preview/800a6a5d6c22ce3acb1a0d26ace5ce3b9a381ea5?cid=20ddf5269e214f479a81bd27929af65c
6kls8cSlUyHW2BUOkDJIZE,
0NECD9bmlKlhxuZHQ5sq7J,https://p.scdn.co/mp3-preview/e2192020751bccbcb3ed36e05196df8a8044d526?cid=20ddf5269e214f479a81bd27929af65c
05CwHjIk71RXVU40boRMnR,
39Yp9wwQiSRIDOvrVg7mbk,https://p.scdn.co/mp3-preview/820f8579b290d5454ca9f32fde6e06358d8a3950?cid=20ddf5269e214f479a81bd27929af65c
0YammaEkYSeo9vQYZ1OwS6,https://p.scdn.co/mp3-preview/6bf2708708d429b4a54073d97e494719b1387a9c?cid=20ddf5269e214f479a81bd27929af65c
3iw6V4LH7yPj1ESORX9RIN,
6vsV4D8BM6PioRr1UOx0n2,
6Qg42mHmwZdqT4LpV3KnvP,
53CJANUxooaqGOtdsBTh7O,
2nLtzopw4rPReszdYBJU6h,https://p.scdn.co/mp3-preview/d6d67b4f23b4865e07821f78c45a98035da95d61?cid=20ddf5269e214f479a81bd27929af65c
0OdcPdZSIuXV7caP6RfEUb,
5JEx7HbmvHQQswJCsoo9rA,
2K7xn816oNHJZ0aVqdQsha,https://p.scdn.co/mp3-preview/dd4996bcd5ea34f70d66213a698a4e9879f69907?cid=20ddf5269e214f479a81bd27929af65c
4fouWK6XVHhzl78KzQ1UjL,https://p.scdn.co/mp3-preview/e13e3bf98cefdca448a1b31ee123a890be0e113c?cid=20ddf5269e214f479a81bd27929af65c
0v1x6rN6JHRapa03JElljE,
31nfdEooLEq7dn3UMcIeB5,https://p.scdn.co/mp3-preview/3354afe4296d2b889d36965804d414c5c2b3412b?cid=20ddf5269e214f479a81bd27929af65c
47aA8gmhoo2kki6PoHd0iu,https://p.scdn.co/mp3-preview/7dea42e71b504321e3f0da3f165343706385b890?cid=20ddf5269e214f479a81bd27929af65c
0bMbDctzMmTyK2j74j3nF3,https://p.scdn.co/mp3-preview/f09e87445c94793cfa85483c56ab3a4642419367?cid=20ddf5269e214f479a81bd27929af65c
6jjUrg05pmtYkWbhtfSbSI,https://p.scdn.co/mp3-preview/c212cfe2825ec679cf2d02a80c03eb1c7e7f25b8?cid=20ddf5269e214f479a81bd27929af65c
4kbj5MwxO1bq9wjT5g9HaA,https://p.scdn.co/mp3-preview/4309fadd9a0d573c1fafcca507e024b3bb51266b?cid=20ddf5269e214f479a81bd27929af65c
3Q6F8RByyhRTJpRtZLY3cg,
11o2y87vqODipLK98a1v34,
5T8EDUDqKcs6OSOwEsfqG7,
6jreFSOTUAViWjKyzOC4Kg,
27ycaQnQAxaPiyeg3nr2aB,
10hcDov7xmcRviA8jLwEaI,https://p.scdn.co/mp3-preview/153dc4a72a260497f8ea87a00e2af7afb0a0df08?cid=20ddf5269e214f479a81bd27929af65c
4qu63nuBpdn0qHUHuObEj1,
2WO6S8AQfpwB7QVqvaOnDP,https://p.scdn.co/mp3-preview/1f1a8f1203de0f3be1f074e3df31688162b0a893?cid=20ddf5269e214f479a81bd27929af65c
4EWCNWgDS8707fNSZ1oaA5,
66W1rVTnEv86dIkFhoiElg,https://p.scdn.co/mp3-preview/cca990295ff935ca47ec7edc6252f6bcc2086a8b?cid=20ddf5269e214f479a81bd27929af65c
3ANOQpQLmv4xAyxLSOk9HC,https://p.scdn.co/mp3-preview/2ab05703637e48a426a816794d5a4cb540a20e9a?cid=20ddf5269e214f479a81bd27929af65c
59NraMJsLaMCVtwXTSia8i,https://p.scdn.co/mp3-preview/07ca5d41f53802807fd40d2778e66f633a2f3b8b?cid=20ddf5269e214f479a81bd27929af65c
3EPXxR3ImUwfayaurPi3cm,
4vUmTMuQqjdnvlZmAH61Qk,https://p.scdn.co/mp3-preview/89e5e2e241343cf318aa033a70c938a205bbda8b?cid=20ddf5269e214f479a81bd27929af65c
6ofxXXTKk1UyRj9YkkWh3u,https://p.scdn.co/mp3-preview/689d707d27574b982745c62d5adb15de9ecde09d?cid=20ddf5269e214f479a81bd27929af65c
27OeeYzk6klgBh83TSvGMA,
2fuCquhmrzHpu5xcA1ci9x,
2USlegnFJLrVLpoVfPimKB,https://p.scdn.co/mp3-preview/8b8ca032783a7deeb80c102219a3b80e321facd1?cid=20ddf5269e214f479a81bd27929af65c
2IetMd5ZFurl1sjSAqhq2O,https://p.scdn.co/mp3-preview/aaa9953f32a95552b6a3f57d92034dc7a3b898b4?cid=20ddf5269e214f479a81bd27929af65c
1BxfuPKGuaTgP7aM0Bbdwr,
1VPU7SKdABCb3gNCNjMFIZ,https://p.scdn.co/mp3-preview/33bdf95fae69b7669923e4ee10cf5c18de354a04?cid=20ddf5269e214f479a81bd27929af65c
3KLygy1YWhmrQx0GRs7IOx,
4hQ6UGyWQIGJmHSo0J88JW,
6XQLcSutjrVwUT9ipcRNgM,https://p.scdn.co/mp3-preview/59bc35e8073d603bc79d98c0c9a3eed617666944?cid=20ddf5269e214f479a81bd27929af65c
0pWGWWJ9ER9OwUewhBrsi2,https://p.scdn.co/mp3-preview/3dca40e03e409e866b6abd97afe86dd4f87dbdc0?cid=20ddf5269e214f479a81bd27929af65c
6Pgkp4qUoTmJIPn7ReaGxL,
49COPp81lGS9Hl9OwKlsKl,
0qc4QlcCxVTGyShurEv1UU,https://p.scdn.co/mp3-preview/df2e38f031e06398552d6b1fa46fb366c48d53dc?cid=20ddf5269e214f479a81bd27929af65c
2BAmnTI9arntwH5BRP3EZx,
27rdGxbavYJeBphck5MZAF,https://p.scdn.co/mp3-preview/b19fe82a0d1717a9e1403761b4ea861177f63b5c?cid=20ddf5269e214f479a81bd27929af65c
1qatQQKIf1ngj1i8LKtwzq,https://p.scdn.co/mp3-preview/915d01046f374d62c0bdc03adc2f4e276030baa6?cid=20ddf5269e214f479a81bd27929af65c
42VsgItocQwOQC3XWZ8JNA,https://p.scdn.co/mp3-preview/4b0178cf6991f59db18e12e2219ff11e27474b0a?cid=20ddf5269e214f479a81bd27929af65c
0WtM2NBVQNNJLh6scP13H8,
0PvFJmanyNQMseIFrU708S,
0fC7eoQAIEkB72YBKjfn8N,https://p.scdn.co/mp3-preview/475d00f9ae99b3a27bbdcbdebe84b800a1eb9d5d?cid=20ddf5269e214f479a81bd27929af65c
0DiDStADDVh3SvAsoJAFMk,
7N06jo3EnV792VFaG8vuW6,
1FGdZ4qCSVcnFYfbQFTkPD,https://p.scdn.co/mp3-preview/af1ab98d297e705981873dad7bba78e8cf18792f?cid=20ddf5269e214f479a81bd27929af65c
27u7t9d7ZQoyjsCROHuZJ3,https://p.scdn.co/mp3-preview/3b192e9c71335d01feafa82f2e28664f34c17a79?cid=20ddf5269e214f479a81bd27929af65c
3fIOY3tSkgOwuAsLUpHbs0,https://p.scdn.co/mp3-preview/d3c80db76f5af51bfed7fb064b6f0c2a60257b5f?cid=20ddf5269e214f479a81bd27929af65c
0zCgWGmDF0aih5qexATyBn,
6vBdBCoOhKHiYDDOcorfNo,
7iH7aaTtLCZ9OdFkGAv7MB,https://p.scdn.co/mp3-preview/dc5a697040b6d9d822847268232e1d5f123c653f?cid=20ddf5269e214f479a81bd27929af65c
4gcs66ZUuad1jhSQMB16w9,https://p.scdn.co/mp3-preview/a5fd92d115c1cdbb4a677e60e8af140527baeacf?cid=20ddf5269e214f479a81bd27929af65c
0QPRDC97rIQB3Jh3hrVJoH,
2RSHsoi04658QL5xgQVov3,
7y7w4tl4MaRC2UMEj1mPtr,
73h4oe03sZy8bXfQLfnqMv,
20McUFi8KCIVdNDLrkTDuZ,https://p.scdn.co/mp3-preview/98c658b799ad891da522654f1820ee3687c71b8c?cid=20ddf5269e214f479a81bd27929af65c
5RgBnDtHKFHgtVdqabjGE3,
2CilsBtWk8gwrTAYUmO7Xt,https://p.scdn.co/mp3-preview/37a9a2592538e916f7ff275ecd359d72089e8eaf?cid=20ddf5269e214f479a81bd27929af65c
37BZB0z9T8Xu7U3e65qxFy,
1b0xEPOnt9B9EmFUUDsmPj,https://p.scdn.co/mp3-preview/087f1f4300134d6db6c4626fbf01f8f6c736c798?cid=20ddf5269e214f479a81bd27929af65c
6qyS9qBy0mEk3qYaH8mPss,https://p.scdn.co/mp3-preview/ec3b94db31d9fb9821cfea0f7a4cdc9d2a85e969?cid=20ddf5269e214f479a81bd27929af65c
1rfofaqEpACxVEHIZBJe6W,https://p.scdn.co/mp3-preview/49653dbbec996f228cb6edc046d318cd5a249ee6?cid=20ddf5269e214f479a81bd27929af65c
4rXLjWdF2ZZpXCVTfWcshS,https://p.scdn.co/mp3-preview/f237ab921af697ba9b49e12fa167c2ce1a82d6b4?cid=20ddf5269e214f479a81bd27929af65c
0DflGtgoi2N431x231nfOU,https://p.scdn.co/mp3-preview/d31b7528a47aaf3a65aa78a4470e5cc8248f630c?cid=20ddf5269e214f479a81bd27929af65c
6YW9qgEJrkr3eGXYcZ8uXC,https://p.scdn.co/mp3-preview/7a8157079c14c64a2709d978e520c9ea32da7d5b?cid=20ddf5269e214f479a81bd27929af65c
0S0vWvyZ6Rc79TXkWxT9QA,
3rUGC1vUpkDG9CZFHMur1t,https://p.scdn.co/mp3-preview/ca7bdcb691fb64a5af8a3253b89356390664fcf1?cid=20ddf5269e214f479a81bd27929af65c
6o3QUC5oAE4g6WxRIFcZtb,
3wQlR2WBPLoKAN6uZgRx54,https://p.scdn.co/mp3-preview/ad59e9e2ea91478b2a9de7bbaea40ee74ccbc901?cid=20ddf5269e214f479a81bd27929af65c
1tX5B5vfdkoIqwImYGOcc5,https://p.scdn.co/mp3-preview/458227faa5e918154448eeb9c3336e7f95fcfbfc?cid=20ddf5269e214f479a81bd27929af65c
5itOtNx0WxtJmi1TQ3RuRd,https://p.scdn.co/mp3-preview/5b1a4dd1d2707b17c9115dcb62ed4a4525e69d9c?cid=20ddf5269e214f479a81bd27929af65c
1WCEAGGRD066z2Q89ObXTq,https://p.scdn.co/mp3-preview/fdb85e5b7fa3838d29e9909819ec82ed9da757dd?cid=20ddf5269e214f479a81bd27929af65c
70tnUXPayf0nDQFAObwsVi,https://p.scdn.co/mp3-preview/8e347428a3c3e6520091b3979623fb60695e6318?cid=20ddf5269e214f479a81bd27929af65c
0KJzVf3tWWXAYn8U9iUqqt,https://p.scdn.co/mp3-preview/250790e0ffcc129909250279fa569b001f9b8013?cid=20ddf5269e214f479a81bd27929af65c
5xP9lQYA8YQmQh6BOxcAnR,
7fa9MBXhVfQ8P8Df9OEbD8,
6cy3ki60hLwimwIje7tALf,https://p.scdn.co/mp3-preview/64c05499bdba99707ec710ad367a712d1e0e4688?cid=20ddf5269e214f479a81bd27929af65c
3hRV0jL3vUpRrcy398teAU,https://p.scdn.co/mp3-preview/d563a6c29fb2e51cb10b638ab4f2409f0bf9d398?cid=20ddf5269e214f479a81bd27929af65c
7kIn3HrqM432chtEydQgMb,https://p.scdn.co/mp3-preview/a396b2dbf6f5498b296ae9ff3a484fdf5d92e4d8?cid=20ddf5269e214f479a81bd27929af65c
5uEYRdEIh9Bo4fpjDd4Na9,https://p.scdn.co/mp3-preview/0a37715bf5ae496fae4a609387cf95e8f033dbc8?cid=20ddf5269e214f479a81bd27929af65c
0rHuCRM0BhYtxse5qLv0t6,
3dYD57lRAUcMHufyqn9GcI,
3ambkkELIsVtCtYKoFJx0c,https://p.scdn.co/mp3-preview/bd414382d189f3043ab1d27822e6bb2596e31a97?cid=20ddf5269e214f479a81bd27929af65c
0q70Uj4XllYNN7Ulrnu1Sm,https://p.scdn.co/mp3-preview/168d3d2b423270beb31b5b57961cdfa75b1463c7?cid=20ddf5269e214f479a81bd27929af65c
7szuecWAPwGoV1e5vGu8tl,
10xV5l9nhLvFpR8mqzs0bL,https://p.scdn.co/mp3-preview/6e5fe36b5436d7e0355114f954f19b557cd81058?cid=20ddf5269e214f479a81bd27929af65c
4Lt6GXGzYsa1tgkv3nGSTm,https://p.scdn.co/mp3-preview/c48a24d105eb4cc9b6c05338eb3140370e19f786?cid=20ddf5269e214f479a81bd27929af65c
2FDTHlrBguDzQkp7PVj16Q,
1Z8gpnzgTFQKAwmV43iLBB,
4kjI1gwQZRKNDkw1nI475M,https://p.scdn.co/mp3-preview/b52f66d1d36c1253c12a96b673fca7f69f62b4ab?cid=20ddf5269e214f479a81bd27929af65c
0bYg9bo50gSsH3LtXe2SQn,https://p.scdn.co/mp3-preview/6b1557cd25d543940a3decd85a7bf2bc136c51f8?cid=20ddf5269e214f479a81bd27929af65c
4RVwu0g32PAqgUiJoXsdF8,
6Qs4SXO9dwPj5GKvVOv8Ki,
1Qrg8KqiBpW07V7PNxwwwL,https://p.scdn.co/mp3-preview/4bd2dc84016f3743add7eea8b988407b1b900672?cid=20ddf5269e214f479a81bd27929af65c
0rvE94vL7lrFFpsM5UzgYh,https://p.scdn.co/mp3-preview/fbdb1c6d23dcd1a2c36c260d0673988be7c7e92c?cid=20ddf5269e214f479a81bd27929af65c
4NSW0Km5ZG60L8FthUebPJ,
1SOClUWhOi8vHZYMz3GluK,https://p.scdn.co/mp3-preview/2b30f2512af94d45733f5535ac48caa3b541c7f1?cid=20ddf5269e214f479a81bd27929af65c
4Oun2ylbjFKMPTiaSbbCih,https://p.scdn.co/mp3-preview/ad79b922940884cd57a17df2dede2c5d106d907c?cid=20ddf5269e214f479a81bd27929af65c
3Dv1eDb0MEgF93GpLXlucZ,https://p.scdn.co/mp3-preview/7131c09d3479d06d84281176255c851d88f6670b?cid=20ddf5269e214f479a81bd27929af65c
000n6Lx4yqUAslF1x3JeFY,https://p.scdn.co/mp3-preview/f0e96950977616ba2eed16ceafacd03e1aa05ab7?cid=20ddf5269e214f479a81bd27929af65c
1pfgsjmxVZhoZpeDx6POKv,https://p.scdn.co/mp3-preview/8efd5607370dd0f9c1aa6657f5a1270405bb8cff?cid=20ddf5269e214f479a81bd27929af65c
0vWUhCPxpJOJR5urYbZypB,https://p.scdn.co/mp3-preview/a9df47dad81c95520e679649a9c4c5f0482b568a?cid=20ddf5269e214f479a81bd27929af65c
56seL5ZZab8ZlmKoknPZh3,
1FP9s72rDYty6mfoOEYKnE,https://p.scdn.co/mp3-preview/bea17b7a4dca81d7f90b25b07b508c107f11dda6?cid=20ddf5269e214f479a81bd27929af65c
3viRS8dmqrg2j71qisdECB,https://p.scdn.co/mp3-preview/0a2b54119b6b8401d75348de7c158454abb3159d?cid=20ddf5269e214f479a81bd27929af65c
6wsqVwoiVH2kde4k4KKAFU,https://p.scdn.co/mp3-preview/71d86e04987feee653ae3087aa76e782bced382d?cid=20ddf5269e214f479a81bd27929af65c
5mjYQaktjmjcMKcUIcqz4s,https://p.scdn.co/mp3-preview/f8e667575db490b61ccc4d0948a6be922cfe1c5e?cid=20ddf5269e214f479a81bd27929af65c
2IGMVunIBsBLtEQyoI1Mu7,https://p.scdn.co/mp3-preview/1d4dc1cd67ba78afec8cfb3e5258a9ab9b707dd8?cid=20ddf5269e214f479a81bd27929af65c
1RF02Cf80mTaeNXG2P2boR,https://p.scdn.co/mp3-preview/d156060faa3d61d5fa3ea817f7ebc4008a954549?cid=20ddf5269e214f479a81bd27929af65c
1Xi84slp6FryDSCbzq4UCD,
5QDXm4QGXicZKJj3kMM3mw,https://p.scdn.co/mp3-preview/e2d167a3e55f7864765abd513bcad9138ed81bf6?cid=20ddf5269e214f479a81bd27929af65c
4Of7rzpRpV1mWRbhp5rAqG,
4h4QlmocP3IuwYEj2j14p8,
58q2HKrzhC3ozto2nDdN4z,https://p.scdn.co/mp3-preview/0fe3542d88da43dd131627df756ac1ce318713fd?cid=20ddf5269e214f479a81bd27929af65c
215ivkVJmNk338IEwN66qC,https://p.scdn.co/mp3-preview/692ba29ccdbc7c7d9f4718bdad70f53a7eb9956e?cid=20ddf5269e214f479a81bd27929af65c
1RSzyxqtIO4yX3EyiV4zT5,
1lzJmwdvxnJdnKUcedpOWx,https://p.scdn.co/mp3-preview/5a0a57a1091aa910e6243d86234462cba4bb85c4?cid=20ddf5269e214f479a81bd27929af65c
527k23H0A4Q0UJN3vGs0Da,https://p.scdn.co/mp3-preview/aa5c75b892ac13349826248a278f295377a59264?cid=20ddf5269e214f479a81bd27929af65c
127QTOFJsJQp5LbJbu3A1y,
4FLUaLDHSJacMpxmfrjm1t,https://p.scdn.co/mp3-preview/6e874e06be7494516fae6e3031f982aafa4f2453?cid=20ddf5269e214f479a81bd27929af65c
6BiitBzsPjIUtXZHA8cUg3,https://p.scdn.co/mp3-preview/7455965ca6ccf4cf42db5e38686f2bda328f59b3?cid=20ddf5269e214f479a81bd27929af65c
5icOoE6VgqFKohjWWNp0Ac,
1k5srHy6QKbhOCApsBRFYu,https://p.scdn.co/mp3-preview/027f3e6e7549b7e9ce2f8d16d1d8d8adf966c67a?cid=20ddf5269e214f479a81bd27929af65c
4QwbxaTZ6E6dfgHArKHzMb,https://p.scdn.co/mp3-preview/f079a0360350cbc0358bf7fb4253a1dd17c3119e?cid=20ddf5269e214f479a81bd27929af65c
2R53XUHKpIDBau4xAvzhCY,https://p.scdn.co/mp3-preview/73339b30549c992b501c3840b491779bf4a9f984?cid=20ddf5269e214f479a81bd27929af65c
6I3mqTwhRpn34SLVafSH7G,
0jSIGeXBzed6V7437rRupd,https://p.scdn.co/mp3-preview/6fb0806281a3ea86a8c73404dbed115f10679cd2?cid=20ddf5269e214f479a81bd27929af65c
1iRwcHRaEGQdkZDyVsQM1h,https://p.scdn.co/mp3-preview/bce2be0d6ee48c22b7698eb611481014e3a3899a?cid=20ddf5269e214f479a81bd27929af65c
5zQRIDAlR6QzpHyhHJz4ZJ,
2DgdHcjWmO3qd50RzuBLgZ,https://p.scdn.co/mp3-preview/5778331aff3415157ed51d5f95c0006fecdbaaaf?cid=20ddf5269e214f479a81bd27929af65c
5yP7ZMMAbaZQMfBirBBCen,https://p.scdn.co/mp3-preview/1038d2806db89c8471b7f1a736ab2c28f6e4d848?cid=20ddf5269e214f479a81bd27929af65c
2P91MQbaiQOfbiz9VqhqKQ,
6IRdLKIyS4p7XNiP8r6rsx,
0V3wPSX9ygBnCm8psDIegu,
0Xh6R6XLoTDRBYriQRgkHj,https://p.scdn.co/mp3-preview/142a5e572bed7e1e646c835a1ea426997b7f3ff8?cid=20ddf5269e214f479a81bd27929af65c
62aP9fBQKYKxi7PDXwcUAS,
0HUTL8i4y4MiGCPId7M7wb,
5IgjP7X4th6nMNDh4akUHb,https://p.scdn.co/mp3-preview/52295df71df20e33e1510e3983975cd59f6664a4?cid=20ddf5269e214f479a81bd27929af65c
3tYdb1HYnrqcq9bdwsuxfg,https://p.scdn.co/mp3-preview/d77d75d6a57b89739fe5b74854f1ba32e1fbae48?cid=20ddf5269e214f479a81bd27929af65c
2AceGjiX9isUbXmMZa0Dl1,https://p.scdn.co/mp3-preview/31957e13c9e7b33cc12b9c30bef0c8e8d5d1e40a?cid=20ddf5269e214f479a81bd27929af65c
6DPh0sUSj2Ml4CL3iJJSn1,
2Xr1dTzJee307rmrkt8c0g,https://p.scdn.co/mp3-preview/66fcd4a3341836530e964de7f24d9198610f537b?cid=20ddf5269e214f479a81bd27929af65c
5RIVjLrjv7mw8LUihkuoLC,
4Ar6Yk5H2W3Ai8NcsWakSl,https://p.scdn.co/mp3-preview/99b2d921e55691c001919dc8ca6e575156b52e95?cid=20ddf5269e214f479a81bd27929af65c
0GTPmh5G40joBg93vcSQNq,https://p.scdn.co/mp3-preview/30b9dce1a2c1530ce1fccc6030c6417df80a1417?cid=20ddf5269e214f479a81bd27929af65c
3k79jB4aGmMDUQzEwa46Rz,
4woTEX1wYOTGDqNXuavlRC,
5FTvlhyTm3PZb0x33oCxDS,https://p.scdn.co/mp3-preview/2d3dee61dc38d8edca68aa7a883d8bcc3c5aeff2?cid=20ddf5269e214f479a81bd27929af65c
4jvjzW7Hm0yK4LvvE0Paz9,https://p.scdn.co/mp3-preview/9404f45725ef5d46e29a539c7da1fc4315cf5a69?cid=20ddf5269e214f479a81bd27929af65c
04ZTP5KsCypmtCmQg5tH9R,https://p.scdn.co/mp3-preview/659f79495a93c491911ee2f45144d1af30d8010c?cid=20ddf5269e214f479a81bd27929af65c
30bqVoKjX479ab90a8Pafp,
6b2RcmUt1g9N9mQ3CbjX2Y,
5ry2OE6R2zPQFDO85XkgRb,
6wf7Yu7cxBSPrRlWeSeK0Q,
6ZE4G871IAjJGX0ULLXLSs,https://p.scdn.co/mp3-preview/f12fa73a41bdbf32be4d5e6b8978c043100cced4?cid=20ddf5269e214f479a81bd27929af65c
776AftMmFFAWUIEAb3lHhw,https://p.scdn.co/mp3-preview/ea4a0a83d990ca24023ed7e067b66e45c8495a75?cid=20ddf5269e214f479a81bd27929af65c
1BXp9PwKtW5AKD0QDdaPSw,https://p.scdn.co/mp3-preview/ef75bd08d3c83ce6656d5260b105b70851a9f1f7?cid=20ddf5269e214f479a81bd27929af65c
7CyPwkp0oE8Ro9Dd5CUDjW,
0uL88Lp7C6i2WGHub1zrJ9,https://p.scdn.co/mp3-preview/9804e85b923777a64f5881d221ae43e26e9a200f?cid=20ddf5269e214f479a81bd27929af65c
2kJwzbxV2ppxnQoYw4GLBZ,https://p.scdn.co/mp3-preview/605114bb62754e1fefee69f36deec3006b9a1a54?cid=20ddf5269e214f479a81bd27929af65c
5yrNes1JBTpzkbMOFTDNwF,https://p.scdn.co/mp3-preview/017da82de70ec09e3a471b310d85b4bfa38cffe9?cid=20ddf5269e214f479a81bd27929af65c
4kWO6O1BUXcZmaxitpVUwp,
1IFm1QxtgTNBoH862C2RkB,
3FeVmId7tL5YN8B7R3imoM,https://p.scdn.co/mp3-preview/e6b780d0df7927114477a786b6a638cf40d19579?cid=20ddf5269e214f479a81bd27929af65c
4fzbwV7qglR3mPit64hXse,https://p.scdn.co/mp3-preview/f3f5bd33103b323a1e27dafd059dbeef0dccb4e6?cid=20ddf5269e214f479a81bd27929af65c
35TSvioaGVXAZDqJuNl0Rp,https://p.scdn.co/mp3-preview/8f5f1bdf45a5992c8655acf613817e679535afeb?cid=20ddf5269e214f479a81bd27929af65c
2N5HRQukBtxrzKHdwFAKkR,
23OXdR7YuUBVWh5hSnYJau,https://p.scdn.co/mp3-preview/08d5802772357860f04dfafedda7035bcc374bfa?cid=20ddf5269e214f479a81bd27929af65c
6e6v1wSPdFg5gj2spgQNVj,https://p.scdn.co/mp3-preview/3b6ab91a58637cedc694651b0fe4edd2173ee9bd?cid=20ddf5269e214f479a81bd27929af65c
1YWr18dWRmuvPgAsPBsOow,
7AZobwHObSuZQDCGXWYuop,https://p.scdn.co/mp3-preview/7b402714ce6588e283ff00ec8dfac2adc20e687e?cid=20ddf5269e214f479a81bd27929af65c
6nLt2P4qTu9T787DlfbVi7,https://p.scdn.co/mp3-preview/57b705d4008f0f2e916c9bc65a0b8b03aef20418?cid=20ddf5269e214f479a81bd27929af65c
4OMJGnvZfDvsePyCwRGO7X,https://p.scdn.co/mp3-preview/df4af86970ffb1a7042d1d228bcea7b4aabfdba4?cid=20ddf5269e214f479a81bd27929af65c
5RqR4ZCCKJDcBLIn4sih9l,https://p.scdn.co/mp3-preview/3a6283e721e8cc1f8fd9ca5b589ea7915d876aaf?cid=20ddf5269e214f479a81bd27929af65c
6a0ukydr27A0LS69bI2tSt,
3SxanlzIPK7fIZ57EaF7lV,https://p.scdn.co/mp3-preview/494108028abfda8c4694892dcb253816e7d8ba6c?cid=20ddf5269e214f479a81bd27929af65c
4WYzTp2lLIWrlEqIOfADrf,https://p.scdn.co/mp3-preview/a37f77eee7050761739be78ec53e2ce24b83c369?cid=20ddf5269e214f479a81bd27929af65c
6N22FZs2ZhPBYi3b9XPajV,https://p.scdn.co/mp3-preview/7532e2d49423be1c8dc3d7b113d197e335a8a639?cid=20ddf5269e214f479a81bd27929af65c
26wLOs3ZuHJa2Ihhx6QIE6,
0QBzMgT7NIeoCYy3sJCof1,https://p.scdn.co/mp3-preview/1bd8b56f5623c6eee74601848b0abdca40688743?cid=20ddf5269e214f479a81bd27929af65c
1FEiijYPJtyswChfcpv3p0,
2zYzyRzz6pRmhPzyfMEC8s,https://p.scdn.co/mp3-preview/e5dde93998c6b622d0ac236ceeaabd49481da078?cid=20ddf5269e214f479a81bd27929af65c
5E30LdtzQTGqRvNd7l6kG5,https://p.scdn.co/mp3-preview/d79918fba2888bf825a5edc938ce1f79ed12ff7b?cid=20ddf5269e214f479a81bd27929af65c
65zLNOQR3i99UNx46cXt2q,
2cHRseVmn2cfCChNmizemK,https://p.scdn.co/mp3-preview/71894ec10dd4dc580a0db83bd24d09ff4b1de2aa?cid=20ddf5269e214f479a81bd27929af65c
33xrhC6KmGnt4pemTc2yiv,https://p.scdn.co/mp3-preview/7606b57f11d9d849ac4f9b1ab6ef00352aa65be8?cid=20ddf5269e214f479a81bd27929af65c
0osvOdeD3YXZiWkT8MKolJ,https://p.scdn.co/mp3-preview/64f142f238ad531763e4a70b34eddea3d7ec2558?cid=20ddf5269e214f479a81bd27929af65c
7EAwtcNhy6xDluznZNI1SW,
2kaNmAbqrtOf7Rdr3fnCWl,
3yOlyBJuViE2YSGn3nVE1K,https://p.scdn.co/mp3-preview/ea3ba7014fbff5a201d98ddab8d94e13fe56bb16?cid=20ddf5269e214f479a81bd27929af65c
7xdiiqtQPUXrKcd6BoFyYd,https://p.scdn.co/mp3-preview/0eacbbb68e9f09bd03dd6bb213c4dd904c7e597d?cid=20ddf5269e214f479a81bd27929af65c
0kHyKhJMukHEPfeh8s7rdM,https://p.scdn.co/mp3-preview/27d57f25038cb292263e0caaf91190130aa9afec?cid=20ddf5269e214f479a81bd27929af65c
4xqrdfXkTW4T0RauPLv3WA,
0b18g3G5spr4ZCkz7Y6Q0Q,https://p.scdn.co/mp3-preview/ad54133fba3671bed149315a15c410a52569f42b?cid=20ddf5269e214f479a81bd27929af65c
1tkg4EHVoqnhR6iFEXb60y,
2rPE9A1vEgShuZxxzR2tZH,
4PkIDTPGedm0enzdvilLNd,
3lWzVNe1yFZlkeBBzUuZYu,https://p.scdn.co/mp3-preview/e4c6b3cccad46c725bb9dcfb01d97c5eb4c9b481?cid=20ddf5269e214f479a81bd27929af65c
4MQDC8hquSlvTBq8gMoPPo,https://p.scdn.co/mp3-preview/0ef5d31ad97352ffc94f2a06d23f46c5380e37fb?cid=20ddf5269e214f479a81bd27929af65c
1cthluQ9Ar0E50vI54hg9m,https://p.scdn.co/mp3-preview/ba31c7ff76fd5378ecb2c7a71dd114a19745fd68?cid=20ddf5269e214f479a81bd27929af65c
6OP0vGVuzlr50nFFAEDhlN,https://p.scdn.co/mp3-preview/56f4414424b86519e617345c96b5e225a7f4f4a2?cid=20ddf5269e214f479a81bd27929af65c
109d9suJG3YknmHaV7oFDD,
156AeYPPIRgeYJWmC3JUbO,https://p.scdn.co/mp3-preview/b4cc610ec0437832ae31417a3d56725146dc2176?cid=20ddf5269e214f479a81bd27929af65c
2L5UIZlS4We7uc8bPnjNHi,https://p.scdn.co/mp3-preview/a9581d607794b35312b0ed9fe42009a9cf70fd5a?cid=20ddf5269e214f479a81bd27929af65c
4kV4N9D1iKVxx1KLvtTpjS,
3VGHJH5dtbTjktLYrQRNtw,https://p.scdn.co/mp3-preview/d7571440d1ef192aa9952a627e879bf70b3d7d46?cid=20ddf5269e214f479a81bd27929af65c
54bFM56PmE4YLRnqpW6Tha,
4aHCAQLGI3ekZm8rqwP2VC,
5iwz1NiezX7WWjnCgY5TH4,https://p.scdn.co/mp3-preview/4bd327e80f8eab778052e7b0c513a3f49daf6567?cid=20ddf5269e214f479a81bd27929af65c
2kx5sQgmjYug0GiDh1a4sU,https://p.scdn.co/mp3-preview/40e3a269beda613bf8f19d7970007b8f548198fc?cid=20ddf5269e214f479a81bd27929af65c
09IStsImFySgyp0pIQdqAc,
73vIOb4Q7YN6HeJTbscRx5,
017rg2t7Non5uF7AiNQpRK,https://p.scdn.co/mp3-preview/01bc1a310f84821288c5829c5240b4f62d54d0f3?cid=20ddf5269e214f479a81bd27929af65c
0gplL1WMoJ6iYaPgMCL0gX,https://p.scdn.co/mp3-preview/a0cd8077c79a4aa3dcaa68bbc5ecdeda46e8d13f?cid=20ddf5269e214f479a81bd27929af65c
7uoFMmxln0GPXQ0AcCBXRq,https://p.scdn.co/mp3-preview/a936030efc27a4fc52d8c42b20d03ca4cab30836?cid=20ddf5269e214f479a81bd27929af65c
5GhJIMWAw0uMLgkdbt6uMz,https://p.scdn.co/mp3-preview/4a339b2f20bc583d94061513a6a2327666415080?cid=20ddf5269e214f479a81bd27929af65c
0lizgQ7Qw35od7CYaoMBZb,
2EjXfH91m7f8HiJN1yQg97,
7igeByaBM0MgGsgXtNxDJ7,
2gpWyfu7eZ01zzncHpxOtA,
0lLdorYw7lVrJydTINhWdI,https://p.scdn.co/mp3-preview/a6c7c7d01334a4801d782d6834ff7a2559ab138e?cid=20ddf5269e214f479a81bd27929af65c
4vYWvBnqNoJGDMk3f14rlv,https://p.scdn.co/mp3-preview/3d9a54cedf89bc1a9ea5eb76a6574cfbd84ddc88?cid=20ddf5269e214f479a81bd27929af65c
7pOXrvJH07wGmAM54v3Vmf,https://p.scdn.co/mp3-preview/182677324997ef2bbe2683da6447c0478a30df1f?cid=20ddf5269e214f479a81bd27929af65c
0AcgqhxWT7uikecp7MNT82,https://p.scdn.co/mp3-preview/e2c6484c3d542633b970c10dbc88d9dd25e06085?cid=20ddf5269e214f479a81bd27929af65c
1HfMVBKM75vxSfsQ5VefZ5,
2FRnf9qhLbvw8fu4IBXx78,https://p.scdn.co/mp3-preview/5c6b42e86dba5ec9e8346a345b3a8822b2396d3f?cid=20ddf5269e214f479a81bd27929af65c
3hBXvHLlTHvnbwrPbeoyAj,
5hvwx5i67IwnCkjl9VHkNv,
2RP8Svo0pMwZXnVcmOffDw,https://p.scdn.co/mp3-preview/4dbf645bd5443f9ea3615e853c732bdd7069e709?cid=20ddf5269e214f479a81bd27929af65c
6emfGEBTPZEGmj4Qn3TwMN,https://p.scdn.co/mp3-preview/d2f262ab913782dffc34f4748d25919a16624d95?cid=20ddf5269e214f479a81bd27929af65c
01kfSdF9zfcDLri5sSWEoL,https://p.scdn.co/mp3-preview/c7a8d72c0241d5f90211ffae530ba6748d9d9f04?cid=20ddf5269e214f479a81bd27929af65c
4MsUsFfWseB9M2plGJyuIw,
6LcauUZjF1eXQrgqMUecHX,https://p.scdn.co/mp3-preview/cf2088ef7cb7964fb193f0332465956474cd4849?cid=20ddf5269e214f479a81bd27929af65c
0OHpTUsrI59etfssanq8SX,https://p.scdn.co/mp3-preview/add75a32a672c8bf44c6051f1070c2b8ec3c8e5a?cid=20ddf5269e214f479a81bd27929af65c
4poybupy26pTWPr9zY1i7h,https://p.scdn.co/mp3-preview/1c74f7cffbab666fa911a1d728c34563f4cdff45?cid=20ddf5269e214f479a81bd27929af65c
6bmTNiH8blviXxFDVoAuL7,https://p.scdn.co/mp3-preview/1465bbefadc79aa11cd82704a9b9a4496daf5819?cid=20ddf5269e214f479a81bd27929af65c
78qd8dvwea0Gosb6Fe6j3k,https://p.scdn.co/mp3-preview/5703175744792dd4ac2353a2d2599d1d458a02b8?cid=20ddf5269e214f479a81bd27929af65c
2r6OAV3WsYtXuXjvJ1lIDi,
5N5k9nd479b1xpDZ4usjrg,https://p.scdn.co/mp3-preview/74355c0f30e80eb410b8c22d3b118f1aa0c930d7?cid=20ddf5269e214f479a81bd27929af65c
11cDEev79fPKi6uJCjUhu8,
5FCNUpLjSpMdb3dJV83EQi,https://p.scdn.co/mp3-preview/314686d0691a43cc8ae0cc8670a302be764f6c91?cid=20ddf5269e214f479a81bd27929af65c
7BHYrsEYySLRs6PcZvvFEm,https://p.scdn.co/mp3-preview/60ad150dcddfb28d81bb59ee0b18b79a8483d831?cid=20ddf5269e214f479a81bd27929af65c
2xUsq60SijcWEWzPDoh5cL,
4Gt7gx37qpPjqIXue81PdB,https://p.scdn.co/mp3-preview/cf8e9a249e8f0f0eda88ba07a8b1a99b26863b1c?cid=20ddf5269e214f479a81bd27929af65c
4w8niZpiMy6qz1mntFA5uM,
3Ol2xnObFdKV9pmRD2t9x8,https://p.scdn.co/mp3-preview/f2e60f4404785f1bdc8722f5315801dfb7aef2c6?cid=20ddf5269e214f479a81bd27929af65c
5mAFKsqPDAvLKrWOW9NUqF,https://p.scdn.co/mp3-preview/22e0c93d717128b4ca6483024533325742d11369?cid=20ddf5269e214f479a81bd27929af65c
4VXIryQMWpIdGgYR4TrjT1,
4pM0ZrNCyFwXrQ8nPfb6v1,https://p.scdn.co/mp3-preview/bb6cd1c60d2ace8a0a26ed35c433baee03e40eef?cid=20ddf5269e214f479a81bd27929af65c
7AQgdMSlaJCU1J75INPyK1,https://p.scdn.co/mp3-preview/a14faa3717767c8b17afb212c4a62ec67b0f84b9?cid=20ddf5269e214f479a81bd27929af65c
6tPlQxKmioUpq7GChki71m,https://p.scdn.co/mp3-preview/e596fd5e1462c21449dae07f4990845665d379d8?cid=20ddf5269e214f479a81bd27929af65c
3nAp4IvdMPPWEH9uuXFFV5,https://p.scdn.co/mp3-preview/8c3c111641cec9ae378d759f6da447bc412f4345?cid=20ddf5269e214f479a81bd27929af65c
3Z7CaxQkqbIs1rewKi6v4W,
3DGar7krWlmrXRFHBcQF6z,https://p.scdn.co/mp3-preview/c49332c75a2ed6a2c6610a0885f8f8634d791e1c?cid=20ddf5269e214f479a81bd27929af65c
4txc3txsIt81diMzGhrVPS,
1qEmFfgcLObUfQm0j1W2CK,https://p.scdn.co/mp3-preview/50f056e2ab4a1bef762661dbbf2da751beeffe39?cid=20ddf5269e214f479a81bd27929af65c
4QVAQwgq6JB7DNk1MG8EAG,https://p.scdn.co/mp3-preview/6747534d43e5033e2764454a5cf108eae9c99614?cid=20ddf5269e214f479a81bd27929af65c
1Cv1YLb4q0RzL6pybtaMLo,
4pbJqGIASGPr0ZpGpnWkDn,
5BRUlCrkTljRTux8BUPUDp,
0dqnJ3Qa6XQHaljGJg92ix,https://p.scdn.co/mp3-preview/c7425698d6a469ef894ea349370a44080f78b605?cid=20ddf5269e214f479a81bd27929af65c
2prnn41CblB8B4yWACDljP,https://p.scdn.co/mp3-preview/1aac93cfa72b7a47ecf2849a1dcc47b51b858407?cid=20ddf5269e214f479a81bd27929af65c
1diS6nkxMQc3wwC4G1j0bh,https://p.scdn.co/mp3-preview/0ed0e3241d7dd381271156710b7153308ddfbb89?cid=20ddf5269e214f479a81bd27929af65c
2xJCMIJfcNYDc5iR0sAm2O,https://p.scdn.co/mp3-preview/e4f2ca20fc8aea1eb592d613d7a4b4da6012eaa2?cid=20ddf5269e214f479a81bd27929af65c
4QHMoLuquojOBXktmpVKYE,
4O4BgsTejcZ5fJBfhwiaGO,https://p.scdn.co/mp3-preview/a7d607027eda8925a87f79ce8081514e8b59f3da?cid=20ddf5269e214f479a81bd27929af65c
5IaHrVsrferBYDm0bDyABy,https://p.scdn.co/mp3-preview/702f5e809a408eda7da72f9acc9bcaf5d3d6eb00?cid=20ddf5269e214f479a81bd27929af65c
5KCbr5ndeby4y4ggthdiAb,
6EDO9iiTtwNv6waLwa1UUq,https://p.scdn.co/mp3-preview/a4c55cf545254b9a4b1402fe678e5043284b4a3c?cid=20ddf5269e214f479a81bd27929af65c
1U2IOLDqC5iST9gcUcGs6W,https://p.scdn.co/mp3-preview/da027cdd51fc8f806872fee7b6ba320d70a21fa4?cid=20ddf5269e214f479a81bd27929af65c
7ucK5Hz5XY5x31no5jgHaI,
1AkLB3cW1waV2VVNCa6uRs,https://p.scdn.co/mp3-preview/de40740de358ee7d41740604b495d6e7a5e676fa?cid=20ddf5269e214f479a81bd27929af65c
5qJgc1CpZl45RfZXyRHeFd,
4VXiDjCRkKHvXFhSX7OEri,https://p.scdn.co/mp3-preview/4bbaa673f0828c6a490845beaef18bd197fc3538?cid=20ddf5269e214f479a81bd27929af65c
4y4spB9m0Q6026KfkAvy9Q,
2SAqBLGA283SUiwJ3xOUVI,
4NhDYoQTYCdWHTvlbGVgwo,
322tcqPhma7F6hfCeLisx0,
1IkEE9PQVeQ563gWfJ4moA,
17phhZDn6oGtzMe56NuWvj,https://p.scdn.co/mp3-preview/51e51cc257e4186893b1923abf42fdaabbeeda37?cid=20ddf5269e214f479a81bd27929af65c
55pp0M1iFTL6sPPLTuD4Rf,https://p.scdn.co/mp3-preview/ac217b6876d16096134203b7a17d773c6c67f03e?cid=20ddf5269e214f479a81bd27929af65c
2ksyzVfU0WJoBpu8otr4pz,https://p.scdn.co/mp3-preview/61baac6cfee58ae57f9f767a86fa5e99f9797664?cid=20ddf5269e214f479a81bd27929af65c
2uFaJJtFpPDc5Pa95XzTvg,
3bK1zVFBKIzYjmptmI4NsJ,https://p.scdn.co/mp3-preview/b2b6a59603c6726af9ec980ebf03520f7bc5dede?cid=20ddf5269e214f479a81bd27929af65c
3y3brCCecHC3Db18aIOnny,https://p.scdn.co/mp3-preview/602c2151b36320f44255d18dc045a7de5af0ab59?cid=20ddf5269e214f479a81bd27929af65c
7xbWAw3LMgRMn4omR5yVn3,https://p.scdn.co/mp3-preview/e65daee371ebd258963336634e87a037c984c657?cid=20ddf5269e214f479a81bd27929af65c
3vkCueOmm7xQDoJ17W1Pm3,https://p.scdn.co/mp3-preview/2f90c9a6a2b6e38554d3bc3cf7512c2c70ac67b9?cid=20ddf5269e214f479a81bd27929af65c
1iQDltZqI7BXnHrFy4Qo1k,
3mfSO4e6l0mlsjcNpqrktC,
2qT1uLXPVPzGgFOx4jtEuo,
2dWNKXTs5z7Iu1g0kYh4Xe,
76cy1WJvNGJTj78UqeA5zr,https://p.scdn.co/mp3-preview/5338a987bfe51f8365bf43b899ecd8a83df83226?cid=20ddf5269e214f479a81bd27929af65c
1IcR6RlgvDczfvoWJSSY2A,https://p.scdn.co/mp3-preview/853f441c5fc1b25ba88bb300c17119cde36da675?cid=20ddf5269e214f479a81bd27929af65c
1xnhpCzpcmavZs2hVhP0oe,https://p.scdn.co/mp3-preview/ce8f43bfcbc1c316a9e90989aca4fa6fdbbf4275?cid=20ddf5269e214f479a81bd27929af65c
0QHEIqNKsMoOY5urbzN48u,https://p.scdn.co/mp3-preview/f0eb89945aa820c0f30b5e97f8e2cab42d9f0a99?cid=20ddf5269e214f479a81bd27929af65c
4HFpIAtiojlAuYNmITpYGn,
4umIPjkehX1r7uhmGvXiSV,
5u1n1kITHCxxp8twBcZxWy,
5UbQELG0jlDX9nMrLk2Nx6,https://p.scdn.co/mp3-preview/b5f303833c81768916ef419d3afb7c986ad976cd?cid=20ddf5269e214f479a81bd27929af65c
2g1ukx0VolwI31t8z5vprw,https://p.scdn.co/mp3-preview/91a6b9e60ebf112327208ff132e088094078defe?cid=20ddf5269e214f479a81bd27929af65c
5WxVXxCMRnvxUKFq40ELwq,
6tjituizSxwSmBB5vtgHZE,https://p.scdn.co/mp3-preview/7c5c5d7635b64cbc6276959e5c026cf773b612f8?cid=20ddf5269e214f479a81bd27929af65c
1FlCC0MovzszzvUi8lUmF3,
4GvPlSOKfN7aXEuGW8zKUx,https://p.scdn.co/mp3-preview/388c9f24b9a1681a90363f392acff0b1dec8127c?cid=20ddf5269e214f479a81bd27929af65c
3U5JVgI2x4rDyHGObzJfNf,https://p.scdn.co/mp3-preview/5559460cc3e2c5aa1eeea1c16cf838cecde326d8?cid=20ddf5269e214f479a81bd27929af65c
6GomT970rCOkKAyyrwJeZi,https://p.scdn.co/mp3-preview/86d6200edc5e8c68e89e22a126d1dbf7b73b7a90?cid=20ddf5269e214f479a81bd27929af65c
2DlC1q5HjHwf4VAxDOvfPR,https://p.scdn.co/mp3-preview/18de2bdb0cc2b8c7687d22f5d203501c50ed16d2?cid=20ddf5269e214f479a81bd27929af65c
5Fla3zyOCcIRqrDoKLU0DP,https://p.scdn.co/mp3-preview/ac45c8f955d7e88ffc4726bee4bf357fa28fef98?cid=20ddf5269e214f479a81bd27929af65c
2f0pn9DkEJwAzXApnFh5cr,
57vxBYXtHMk6H1aD29V7PU,
1T8IRUJBga0JXioJZvxjBR,
2WyYMndo3CFcDCALxyDPOd,
1q7VPiBFlBF7PMtmI6mWyM,
6xGruZOHLs39ZbVccQTuPZ,https://p.scdn.co/mp3-preview/12e4a7ef3f1051424e6e282dfba83fe8448e122f?cid=20ddf5269e214f479a81bd27929af65c
2gmImsycwj59cL8lykXx0i,https://p.scdn.co/mp3-preview/78fa920208f52c849a74458bcf69738bf217ad94?cid=20ddf5269e214f479a81bd27929af65c
2rbDhOo9Fh61Bbu23T2qCk,
361EamWYN312TFEpgNBDTE,https://p.scdn.co/mp3-preview/1395e07ba1f80d8eb9206898741183a3f663c90d?cid=20ddf5269e214f479a81bd27929af65c
1PckUlxKqWQs3RlWXVBLw3,https://p.scdn.co/mp3-preview/bbf8a26d38f7d8c7191dd64bd7c21a4cec8b61a0?cid=20ddf5269e214f479a81bd27929af65c
086THPnabbu1zfDjRsxpoN,https://p.scdn.co/mp3-preview/8bd8a93dce30c446b93c342291cf90ac35263a58?cid=20ddf5269e214f479a81bd27929af65c
6j8KIZyA2tM4Uo2oAK1naA,https://p.scdn.co/mp3-preview/3321001695d97bd999a86aa78443494de1a210d1?cid=20ddf5269e214f479a81bd27929af65c
6M3PsepEj5gyJoIi7Xvr7u,
1ODZGydlown4VesUP8HLJX,
6npZ8fQgQqvXwqzLzFhkhb,https://p.scdn.co/mp3-preview/6de8fb3cca4c948b23d0381edc85f899f7d7b76f?cid=20ddf5269e214f479a81bd27929af65c
09CnYHiZ5jGT1wr1TXJ9Zt,https://p.scdn.co/mp3-preview/90b0c56eb3bd187d09a8ad612eb4049447d056ad?cid=20ddf5269e214f479a81bd27929af65c
5TmzMu4UXoUwQe3kONqNns,https://p.scdn.co/mp3-preview/a9548225bb7af609c090a6ecca2dfb433435c425?cid=20ddf5269e214f479a81bd27929af65c
7k50YH3s8FqrBMRPm6DtJN,https://p.scdn.co/mp3-preview/cc676b1b55ecd421cc9291a1a5e50f1010d882c8?cid=20ddf5269e214f479a81bd27929af65c
69phA1R4gmQsBFRQ3INW8C,https://p.scdn.co/mp3-preview/217a9afc485e0ae87c6aadd50160fd47a84a49e8?cid=20ddf5269e214f479a81bd27929af65c
3hmsw6g9TyMmYN43Rd49uM,https://p.scdn.co/mp3-preview/d0fdb9bc9ea31caf893d9054da473d9e46766da4?cid=20ddf5269e214f479a81bd27929af65c
73WOkGXrpgabwujX4RpOBm,
3qCeq0rWK67SoBDgFd2sId,https://p.scdn.co/mp3-preview/44058088339ea8ccd61c07d4b8b7d196b2eddc3d?cid=20ddf5269e214f479a81bd27929af65c
7MAibcTli4IisCtbHKrGMh,
28VVWdNsM6l05eOiJfth5X,https://p.scdn.co/mp3-preview/6d8529f51b009485a92f0db8597746e0efa5156a?cid=20ddf5269e214f479a81bd27929af65c
7xapw9Oy21WpfEcib2ErSA,
623u7OpPyVRc77cGOlX65n,https://p.scdn.co/mp3-preview/8b93c818bc54e79dc3fb79d62d35fdce32e91a79?cid=20ddf5269e214f479a81bd27929af65c
0vjeOZ3Ft5jvAi9SBFJm1j,
7GAi2oVUykl3Zlw4zBlaRp,
79JBjIq90BrQ8Ws0pUhlzD,
4nK5YrxbMGZstTLbvj6Gxw,
0LMwmV37RCmBO2so0szAFs,https://p.scdn.co/mp3-preview/03bbf447d8f0101cff90c78b3ab0c4757c3bf27b?cid=20ddf5269e214f479a81bd27929af65c
7nRDedRqepV4iB3WJsWDWr,
7hU3IHwjX150XLoTVmjD0q,
6tNQ70jh4OwmPGpYy6R2o9,https://p.scdn.co/mp3-preview/e213f23e6fe5938299eebbe364d06c1682a6619f?cid=20ddf5269e214f479a81bd27929af65c
5CZ40GBx1sQ9agT82CLQCT,
4HBZA5flZLE435QTztThqH,
6fTt0CH2t0mdeB2N9XFG5r,https://p.scdn.co/mp3-preview/e9bf27ec0415fedffcfd48953b80352709664140?cid=20ddf5269e214f479a81bd27929af65c
1cKHdTo9u0ZymJdPGSh6nq,
3JhgPs7rbmzLBWRvHlel8U,
7iyoi3UIxyjAykpdXxRzdo,https://p.scdn.co/mp3-preview/7ecc555c39828c4a375b307af57077ad87c4bb9b?cid=20ddf5269e214f479a81bd27929af65c
6b37xrsNCWYIUphFBazqD6,https://p.scdn.co/mp3-preview/452081948f544e5d11bd27ba83b02c0b8e219917?cid=20ddf5269e214f479a81bd27929af65c
0S2XFRI4Yyd1yWwLQBwEFr,https://p.scdn.co/mp3-preview/6d559aa3d4b51591a5560852762acf2ff8f91204?cid=20ddf5269e214f479a81bd27929af65c
1058fW9H3fZA6QjYCdOBad,https://p.scdn.co/mp3-preview/6af5e636aa35cc53f1b9d8476075c3d1f41c67ee?cid=20ddf5269e214f479a81bd27929af65c
4kKdvXD0ez7jp1296JmAts,https://p.scdn.co/mp3-preview/40594c6620307172f3bb34b9ee5979d3c1c4b718?cid=20ddf5269e214f479a81bd27929af65c
6HlE9t71z9DjGi7KqSyEpA,https://p.scdn.co/mp3-preview/5daf2dc408662e8d9ee90314b2b9a412d9795133?cid=20ddf5269e214f479a81bd27929af65c
4xhsWYTOGcal8zt0J161CU,https://p.scdn.co/mp3-preview/eeeb6151d0049367b3ad3db0389e9e3b116c0774?cid=20ddf5269e214f479a81bd27929af65c
11BKm0j4eYoCPPpCONAVwA,
38T0tPVZHcPZyhtOcCP7pF,https://p.scdn.co/mp3-preview/ffa9d53ff1f83a322ac0523d7a6ce13b231e4a3a?cid=20ddf5269e214f479a81bd27929af65c
616njAaXFdHu5rs3FbjyUw,https://p.scdn.co/mp3-preview/9a71697b73850537a2e94ac2b2c65a38d31de042?cid=20ddf5269e214f479a81bd27929af65c
75FEaRjZTKLhTrFGsfMUXR,
4Yq3XUNfWrAPWuB94qkC09,
2TE4xW3ImvpltVU0cPcKUn,https://p.scdn.co/mp3-preview/4786c4393a39d79ecd406a312610fdf0905ae7dd?cid=20ddf5269e214f479a81bd27929af65c
2MbdDtCv5LUVjYy9RuGTgC,https://p.scdn.co/mp3-preview/5362b7871570a2a4b4af8bead9049dd14808875e?cid=20ddf5269e214f479a81bd27929af65c
4ga4WvRNhMsIL38pkBbnIN,https://p.scdn.co/mp3-preview/0ebaea7b8cfc40dd6694ab853ff2e907d58611c0?cid=20ddf5269e214f479a81bd27929af65c
6qB0nU65hGzAVXx6zqePfO,https://p.scdn.co/mp3-preview/1446d41c5368399b3b8a17591303cf35e0692bde?cid=20ddf5269e214f479a81bd27929af65c
4XvcHTUfIlWfyJTRG0aqlo,https://p.scdn.co/mp3-preview/d05766a84b267bc5518625b595b8c9f333b46e31?cid=20ddf5269e214f479a81bd27929af65c
3qOiGAJGGnnDy6FR2TU5O8,https://p.scdn.co/mp3-preview/4d0d4436d06ea1f127544c4663333c050c923580?cid=20ddf5269e214f479a81bd27929af65c
6QgjcU0zLnzq5OrUoSZ3OK,https://p.scdn.co/mp3-preview/47e41f47a7627e34bf34d039b32b9774b9b88768?cid=20ddf5269e214f479a81bd27929af65c
2CM4ulSqxv2mwRCyDi2Zyr,https://p.scdn.co/mp3-preview/1f0ddf0678972e855eea31abea4ad0ee93a716c0?cid=20ddf5269e214f479a81bd27929af65c
6SRWhUJcD2YKahCwHavz3X,https://p.scdn.co/mp3-preview/8fd733b12d51fd31b68a1828fe45c9dffe71d483?cid=20ddf5269e214f479a81bd27929af65c
28g8XJdOrIjm9WXenk60et,https://p.scdn.co/mp3-preview/64b0a838db0a63a585777f34d5f5f857ffc43ba1?cid=20ddf5269e214f479a81bd27929af65c
2zIijzos3rNY6DkvX2ZYDX,https://p.scdn.co/mp3-preview/aa40a390d09cb569c79915d6f3b4b17c482abe67?cid=20ddf5269e214f479a81bd27929af65c
70rFIfYN7lU6iTgUIVP42w,
34Yl756FwYuZldE9xnshj5,https://p.scdn.co/mp3-preview/8c539af37b0d047987c37ce4ff59ce16b15746bd?cid=20ddf5269e214f479a81bd27929af65c
7IwSNtKoubNDaFlq2wSnuy,
1SV1fxF65n9NhRHp3KlBuu,
7z8qjxDBAIVfYhZdiJslaS,https://p.scdn.co/mp3-preview/331cc2bc3133c20acfadf3c2e8b3780f525a92a9?cid=20ddf5269e214f479a81bd27929af65c
4n7jnSxVLd8QioibtTDBDq,https://p.scdn.co/mp3-preview/4ed369affca2c522bd1af17b8951d6b7da2fbab7?cid=20ddf5269e214f479a81bd27929af65c
13EtEH0X61xnyEChVmeb2Q,https://p.scdn.co/mp3-preview/4b4add0a2a7330c03f338a19377bde24fa5bf742?cid=20ddf5269e214f479a81bd27929af65c
1nQYFGRi8UIO4f6NNlfRnl,https://p.scdn.co/mp3-preview/6d1b8b0816314c05d884aa65cd0f30ced64eda5f?cid=20ddf5269e214f479a81bd27929af65c
6DWhDivRPga2RL1A75heOa,https://p.scdn.co/mp3-preview/8c0e632c2b8f763a3ccdc3ee8c5c5fff13aa1ac4?cid=20ddf5269e214f479a81bd27929af65c
39LLxExYz6ewLAcYrzQQyP,https://p.scdn.co/mp3-preview/ac28d1b0be285ed3bfd8e9fa5fad133776d7cf36?cid=20ddf5269e214f479a81bd27929af65c
1qE47wUKG2juJwPoLqg4C9,
4ut5G4rgB1ClpMTMfjoIuy,https://p.scdn.co/mp3-preview/6321574d8ac5c53f744b5387d8e68dbe9a5fdf49?cid=20ddf5269e214f479a81bd27929af65c
6xTU6B6nFwKKTSZ9ySXS80,https://p.scdn.co/mp3-preview/3ecbf83d0d28297804ba720c3a8fed0d8dc4a06e?cid=20ddf5269e214f479a81bd27929af65c
4wNIkl5XGiAACjFBlDWuSd,
0Fyqe4e5VjCaFjNSNYWa25,https://p.scdn.co/mp3-preview/a5128d5e63e3a810318f1fa49fefba749b62a319?cid=20ddf5269e214f479a81bd27929af65c
3bccJlU6zh1SZ79jvduQ06,https://p.scdn.co/mp3-preview/ed616200dd190f2616e3e5364d2d7d4063033b18?cid=20ddf5269e214f479a81bd27929af65c
0tgVpDi06FyKpA1z0VMD4v,https://p.scdn.co/mp3-preview/4e30857a3c7da3f8891483643e310bb233afadd2?cid=20ddf5269e214f479a81bd27929af65c
2YSzYUF3jWqb9YP9VXmpjE,
59CfNbkERJ3NoTXDvoURjj,https://p.scdn.co/mp3-preview/2239af86b310ca77423af660ba8f113e6ba3b3ae?cid=20ddf5269e214f479a81bd27929af65c
1jNOi6m3Hn8nLEeHCp5Msr,
0Cnb8XdGDMHAmIRBUJMkIS,
27qAMKrDdKEs8HDXcvR24R,https://p.scdn.co/mp3-preview/2cc70ad4db28e529005b1e8fc2085ccfa285b525?cid=20ddf5269e214f479a81bd27929af65c
6lIaDWcrD4HkkmGvNYlT8M,https://p.scdn.co/mp3-preview/7c8f1a4ecd83864fc93b1fafc49a66c0e261fb4c?cid=20ddf5269e214f479a81bd27929af65c
1zWdoNRmxhBaAJiJI2SI7j,https://p.scdn.co/mp3-preview/5314252a338b63d1e1f29fbedd227efb6dcc50f6?cid=20ddf5269e214f479a81bd27929af65c
43PGPuHIlVOc04jrZVh9L6,
19VmOgLl88ZWU6WXgatfEM,https://p.scdn.co/mp3-preview/6bdd13ef1968be56ee8787dce49d879abcfb4e1f?cid=20ddf5269e214f479a81bd27929af65c
2HafqoJbgXdtjwCOvNEF14,https://p.scdn.co/mp3-preview/28d6d99074f2f2d7e70597d3213099ca04e75116?cid=20ddf5269e214f479a81bd27929af65c
2etHQJxIbV0soyPhelVs9Y,https://p.scdn.co/mp3-preview/a4373d337eb0f19cbf2424c0f20fb87ac862d0c8?cid=20ddf5269e214f479a81bd27929af65c
3w0w2T288dec0mgeZZqoNN,
52eIcoLUM25zbQupAZYoFh,https://p.scdn.co/mp3-preview/36b18ee006f29af8902a4886029ba2431368f57a?cid=20ddf5269e214f479a81bd27929af65c
7CH8J4ulT49UfZwSDSkSZA,
61KpQadow081I2AsbeLcsb,
5Ber68jZ7ytegr2UISEdb7,https://p.scdn.co/mp3-preview/09752063807abd296b8587e8a6e9ed0d35e73663?cid=20ddf5269e214f479a81bd27929af65c
4tfLFDGypUWad5AT6772If,https://p.scdn.co/mp3-preview/cc9fd1df9a82505d3d5fbd76306f8c775a7dc8c9?cid=20ddf5269e214f479a81bd27929af65c
58ge6dfP91o9oXMzq3XkIS,https://p.scdn.co/mp3-preview/24ad19af2d5feeeb0048bff59b4096960b415848?cid=20ddf5269e214f479a81bd27929af65c
7J4zszAZxAyowZp7gNUIUI,https://p.scdn.co/mp3-preview/d067ff6dcb2b3ff61209a47148fa4519509f692e?cid=20ddf5269e214f479a81bd27929af65c
2vBET2pmrQqafaS6zIaYta,https://p.scdn.co/mp3-preview/1b9da493a0e56f0e91be6dbf7cfc9ae5c36a53a8?cid=20ddf5269e214f479a81bd27929af65c
4iLTcaEz2yfnUDkO5XTe3B,https://p.scdn.co/mp3-preview/9ab5d7465ada10f018cd2d9b7949f8a733d7b97c?cid=20ddf5269e214f479a81bd27929af65c
6moU77g9RQyMzHNuKEaQKq,
5qaEfEh1AtSdrdrByCP7qR,
23RoR84KodL5HWvUTneQ1w,https://p.scdn.co/mp3-preview/e36e0bd4714844f1f9d992398b41a3e333f15cc9?cid=20ddf5269e214f479a81bd27929af65c
5Gu0PDLN4YJeW75PpBSg9p,
0hquQWY3xvYqN4qtiquniF,https://p.scdn.co/mp3-preview/da18f3bbe7b385a44febc01a55510d9c83367c54?cid=20ddf5269e214f479a81bd27929af65c
6Qb7YsAqH4wWFUMbGsCpap,https://p.scdn.co/mp3-preview/5608f578347ae26c20bfebbad47a057eca7b3d5a?cid=20ddf5269e214f479a81bd27929af65c
7DcvwMAiqKJQD1rrdfxSDx,https://p.scdn.co/mp3-preview/71e6ced5da6095a57a34bbb1c2be0b010d1845d4?cid=20ddf5269e214f479a81bd27929af65c
1N1ZpYUJc9fwrqk53FGgWv,https://p.scdn.co/mp3-preview/8e80570f2dd400e765d0ae27add2f492909c30d1?cid=20ddf5269e214f479a81bd27929af65c
1Jsv0Yyz2pIoRmWubfjr8x,
6fRxMU4LWwyaSSowV441IU,
6Im9k8u9iIzKMrmV7BWtlF,
2G4Ke0bTohNdJk0RhpPX7h,https://p.scdn.co/mp3-preview/e0a970e9a17bb4bd650a0ca7f3700617b26d1c5f?cid=20ddf5269e214f479a81bd27929af65c
7GuOjfD2btfoHsZMVy261f,
4NBTZtAt1F13VvlSKe6KTl,https://p.scdn.co/mp3-preview/53d7779c4b67ff499c2b392185999255269760f0?cid=20ddf5269e214f479a81bd27929af65c
6OBxGjEbNogj6SB0VjTJX7,https://p.scdn.co/mp3-preview/fce0ba4ee808c6a0aa5509e0ea31c8dba608823b?cid=20ddf5269e214f479a81bd27929af65c
6rp8bq0lhkIosumUPlTFfB,https://p.scdn.co/mp3-preview/d746c8bdaf756f1aa07d925dfb06e285baf104ad?cid=20ddf5269e214f479a81bd27929af65c
0XlgY6Jrh51dY2Bfepj9hK,https://p.scdn.co/mp3-preview/ed4883f8ffac037e31b46c9298bca9b526e2bd7b?cid=20ddf5269e214f479a81bd27929af65c
60ynsPSSKe6O3sfwRnIBRf,https://p.scdn.co/mp3-preview/cfd56a96b447ee2982d1d6acefaea64992a9f44c?cid=20ddf5269e214f479a81bd27929af65c
0A5gdlrpAuQqZ2iFgnqBFW,https://p.scdn.co/mp3-preview/2f762a4aac49ab40ef6cbdf95e5fe8e5f3767f45?cid=20ddf5269e214f479a81bd27929af65c
5CpkVOosLFc83LbwqO6hnI,https://p.scdn.co/mp3-preview/c1fd1431a94939a1c1e0250280d4a49502218222?cid=20ddf5269e214f479a81bd27929af65c
0247StOpd3AkeBQzANX4Zf,
1xK59OXxi2TAAAbmZK0kBL,
29fRTIKsJhLUJoldM89GZS,
0nI4wU2023g1mFho21Vddr,https://p.scdn.co/mp3-preview/f124f9817ebcc4cc3a0a72e4bf72c58c4b6f404e?cid=20ddf5269e214f479a81bd27929af65c
3qhlB30KknSejmIvZZLjOD,https://p.scdn.co/mp3-preview/2f6f0965be46144eca9212258c7a2988376727a1?cid=20ddf5269e214f479a81bd27929af65c
2jkyPVk1nbpsZD0KAS98Zw,
6VJkKWgYfVYloUe5XKUzFa,https://p.scdn.co/mp3-preview/c1d7eb53151b8a94e361584c739a5027bdfeb8dd?cid=20ddf5269e214f479a81bd27929af65c
1gXPL4JGDoQdFsKbtWi2aS,https://p.scdn.co/mp3-preview/1a8a1fe628cc9a0a578c057f2822db0bde1d637f?cid=20ddf5269e214f479a81bd27929af65c
6YUTL4dYpB9xZO5qExPf05,https://p.scdn.co/mp3-preview/a6fc9fe137bd7d0b3377309f8235eddf449866e5?cid=20ddf5269e214f479a81bd27929af65c
0eu4C55hL6x29mmeAjytzC,https://p.scdn.co/mp3-preview/c04accf431dc01e6c87181f80d4c2d50d055bf47?cid=20ddf5269e214f479a81bd27929af65c
46lyJh9GYmWsHez3EsvmAx,https://p.scdn.co/mp3-preview/2c4b983548830cd246d4a10a451a1c1f2fb25efa?cid=20ddf5269e214f479a81bd27929af65c
1LY3GhF0zxIVgbYEQjCbUO,https://p.scdn.co/mp3-preview/89937a0bc7a8870ddd4f4228efcfccc6a243ddf7?cid=20ddf5269e214f479a81bd27929af65c
2QrXzOqLCVDRZHkToA0tSR,https://p.scdn.co/mp3-preview/e8a535cd23bee3290647302032b4c27dd6f22aa9?cid=20ddf5269e214f479a81bd27929af65c
2wMFX5mdyz7RVzxUr8o9Ql,https://p.scdn.co/mp3-preview/50bb873b0a913c8ea70aa2fb544f4c4c56c0165c?cid=20ddf5269e214f479a81bd27929af65c
2IRZnDFmlqMuOrYOLnZZyc,https://p.scdn.co/mp3-preview/d99e58e0b5eed07a7fb99f29838dbfdd08178093?cid=20ddf5269e214f479a81bd27929af65c
6A3SB2C4U6JtCavQOXLYNN,
13hvHEstJ4sNbzdroPrPI3,https://p.scdn.co/mp3-preview/51bdb5458e3d6eab34f77289de5d4b3f12ae84b5?cid=20ddf5269e214f479a81bd27929af65c
0U6bQIAh6MCGo1xjbIIx2S,https://p.scdn.co/mp3-preview/d86ae797184b98c18eb485654a6fb56e9f8d6479?cid=20ddf5269e214f479a81bd27929af65c
0MMyJUC3WNnFS1lit5pTjk,
5doAzQzWfbAWMvh2eXxvdf,https://p.scdn.co/mp3-preview/5b88b97f9750e4616da86cac574fd1cfad36c820?cid=20ddf5269e214f479a81bd27929af65c
63ZedTAVRCICh2CNLWnsPZ,https://p.scdn.co/mp3-preview/4fb8a6a9884c3789fd859d734faff80f1d34b4f1?cid=20ddf5269e214f479a81bd27929af65c
5ri4zqtWhG07hIuNNDWP76,https://p.scdn.co/mp3-preview/5430925b8989dbb58c495ee5b15ca46dec7a7820?cid=20ddf5269e214f479a81bd27929af65c
0vR2rIVORmgeKiGIgNT0fV,https://p.scdn.co/mp3-preview/6b7a69680870dd0556ccd8d8e7dd5143277f2e80?cid=20ddf5269e214f479a81bd27929af65c
7DHApOHsIFo7EyfieArYGE,https://p.scdn.co/mp3-preview/e12f41830714fdf4e107f00e6b455da732226464?cid=20ddf5269e214f479a81bd27929af65c
7ei7kWLs2k2V1xoeswJC2i,
1bDbXMyjaUIooNwFE9wn0N,
27RYrbL6S02LNVhDWVl38b,
2Z8yfpFX0ZMavHkcIeHiO1,
0JjM9bKm4wrwohMslcm892,https://p.scdn.co/mp3-preview/412ed541bd8a4086803bcab3f16895f7db642c1c?cid=20ddf5269e214f479a81bd27929af65c
1M4OcYkxAtu3ErzSgDEfoi,https://p.scdn.co/mp3-preview/41d08e5fd8023fe214995ee866aa1eff12e29578?cid=20ddf5269e214f479a81bd27929af65c
0TId5TSbdcBP32haUV4Aet,https://p.scdn.co/mp3-preview/b4469c1ceb6097e2cdf19f5d968049e8194b0f62?cid=20ddf5269e214f479a81bd27929af65c
3H2VBJzRFhX5MKIuNlRxVP,
73SpzrcaHk0RQPFP73vqVR,
2bLqfJjuC5syrsgDsZfGmn,
6Ozh9Ok6h4Oi1wUSLtBseN,
10QtlJjHSPW5liaoTzOBeL,https://p.scdn.co/mp3-preview/a8e44e4307cc7724106ed1276084266ff18d0813?cid=20ddf5269e214f479a81bd27929af65c
6Rtnef1MG3uILFVv4NPcZf,https://p.scdn.co/mp3-preview/174c4f56376a890877ed572650b1b838d3c4346b?cid=20ddf5269e214f479a81bd27929af65c
1sHYkBHNssZ4KYY8m30tXz,https://p.scdn.co/mp3-preview/42bb91207a6a38af0289943810b27cdd67498057?cid=20ddf5269e214f479a81bd27929af65c
2ZpLz23RdZWWIFqeLZI6No,https://p.scdn.co/mp3-preview/dfe96056e0576fbac22a1467643fd38736c5641d?cid=20ddf5269e214f479a81bd27929af65c
65Q2mv3UlVi9eO70OpsmSe,
0qe53aYnui3sXXoUnK2115,https://p.scdn.co/mp3-preview/b030ce1ffa17e6b9e92937ac00eb80799601e098?cid=20ddf5269e214f479a81bd27929af65c
63cd4JkwGgYJrbOizbfmsp,
7BeoO0doT2iLnmY6wnnexQ,https://p.scdn.co/mp3-preview/e77d7bc0b32e9723e7cfc5df9c0ce40e51c84caf?cid=20ddf5269e214f479a81bd27929af65c
7Gq5UIVs2o8GTDGsosBSo1,https://p.scdn.co/mp3-preview/c5ecbacc407a378733863e7624fd6cedf6e1d0d1?cid=20ddf5269e214f479a81bd27929af65c
0ZLuW8uOXdFNWcI40C0OC2,https://p.scdn.co/mp3-preview/5362b7871570a2a4b4af8bead9049dd14808875e?cid=20ddf5269e214f479a81bd27929af65c
2I7SGWX5llEkZ5AI2XWN1o,https://p.scdn.co/mp3-preview/71d0c14b9460fb130f3e8f7fe5a9718486a4874a?cid=20ddf5269e214f479a81bd27929af65c
7n5JBAnjVBTFgTEsd27bTU,https://p.scdn.co/mp3-preview/30d3d19981231aa9c967dc58d1f8792e86a9dc74?cid=20ddf5269e214f479a81bd27929af65c
3VyjsVV24RmBIbWJAeUJNu,
2J2Z1SkXYghSajLibnQHOa,https://p.scdn.co/mp3-preview/99a07d00531c0053f55a46e94ed92b1560396754?cid=20ddf5269e214f479a81bd27929af65c
1BSMpVGWs3v5BZKnAQziAc,
55Am8neGJkdj2ADaM3aw5H,https://p.scdn.co/mp3-preview/b844823ed86631219a514760db55169dc7ae4b51?cid=20ddf5269e214f479a81bd27929af65c
5N4erncE7kuUccm7zEmwzk,https://p.scdn.co/mp3-preview/6b0dfe43cd0281a9c49f790fb581fe482176c9f8?cid=20ddf5269e214f479a81bd27929af65c
4k6Uh1HXdhtusDW5y8Gbvy,https://p.scdn.co/mp3-preview/efe7c2fdd8fa727a108a1270b114ebedabfd766c?cid=20ddf5269e214f479a81bd27929af65c
6OrEcJ6PZCeaRaDeJYBz6q,https://p.scdn.co/mp3-preview/b6d40750277ed2b156686aae359469019acd6744?cid=20ddf5269e214f479a81bd27929af65c
0TyUOnU4H4GLqOcrH0auc8,
543bCW2ruMPmxUBWirQ3MR,https://p.scdn.co/mp3-preview/5426d001f5540bbcffa3bb7e96bc205aa09f9bad?cid=20ddf5269e214f479a81bd27929af65c
50WIRUu1E2REsgDSvGNqdF,https://p.scdn.co/mp3-preview/1a64fe45bd32aaf5e216c58d0b765a4c470c1673?cid=20ddf5269e214f479a81bd27929af65c
7hk30eOq3gUM64eP3YtHBX,https://p.scdn.co/mp3-preview/e6b2b7e870c3b6947f9d56eb8d07e496161c1a3f?cid=20ddf5269e214f479a81bd27929af65c
5k38wzpLb15YgncyWdTZE4,https://p.scdn.co/mp3-preview/f3b074fff3b73dfec619cf9a3ff72be8d6de2cb6?cid=20ddf5269e214f479a81bd27929af65c
7kpbpRnTHMwuSORe4iyG07,https://p.scdn.co/mp3-preview/6f9317ac44976a1194b675afb5c7f4af4d97028c?cid=20ddf5269e214f479a81bd27929af65c
45S5WTQEGOB1VHr1Q4FuPl,https://p.scdn.co/mp3-preview/9f9a006b49587b8a7a916ea098af0a465e9a5da0?cid=20ddf5269e214f479a81bd27929af65c
2usxQITOSDqvkYiI0oIwao,
5BfCoUcWNXcpyJfjXRIeyC,https://p.scdn.co/mp3-preview/acbbffd6299adaf0f66108dc7731a3fa8bf8e922?cid=20ddf5269e214f479a81bd27929af65c
3B54sVLJ402zGa6Xm4YGNe,https://p.scdn.co/mp3-preview/f8d5e3c37feb980e60cac2df4256250d4b5cf5b5?cid=20ddf5269e214f479a81bd27929af65c
47EiUVwUp4C9fGccaPuUCS,https://p.scdn.co/mp3-preview/78f5e89d6384301b40fd9e5a659152a33dac6646?cid=20ddf5269e214f479a81bd27929af65c
4cSSL3YafYjM3yjgFO1vJg,https://p.scdn.co/mp3-preview/b01bc02c42e27c4887a7d4547851c9b872413cc6?cid=20ddf5269e214f479a81bd27929af65c
79esEXlqqmq0GPz0xQSZTV,
0O6u0VJ46W86TxN9wgyqDj,
2pMFjs9Dy1HurczEZ9YwNI,
2pXpURmn6zC5ZYDMms6fwa,https://p.scdn.co/mp3-preview/9169d12fc7219ac62773ec93247692c114531697?cid=20ddf5269e214f479a81bd27929af65c
0TrPqhAMoaKUFLR7iYDokf,https://p.scdn.co/mp3-preview/cadf00b884c08538b1e70d92d9eaab94d3e1a0e5?cid=20ddf5269e214f479a81bd27929af65c
14LdhxElpZS0rKVV4nxtdA,
0tBbt8CrmxbjRP0pueQkyU,
1kTlT3phtU2yqTJYT1x6hb,https://p.scdn.co/mp3-preview/6e530cc615e7a7ddd63740e747bc9dc68d1abc0a?cid=20ddf5269e214f479a81bd27929af65c
3FuvMgmA7axMw9sps0JM4x,https://p.scdn.co/mp3-preview/1b58795281690583a29ac1549bdd87e123a820af?cid=20ddf5269e214f479a81bd27929af65c
1ftdyZAgbz0y6MPO5uMYRv,
3Be7CLdHZpyzsVijme39cW,https://p.scdn.co/mp3-preview/d2d1873cc84aebfe16edca3116d45db5bf8207ac?cid=20ddf5269e214f479a81bd27929af65c
77Y7tccX9Hx5iClDr39uy9,
1gnKUue6F9gXXHQshCBwEs,
0iB5f04XdJ2tcfhoVkeLV8,https://p.scdn.co/mp3-preview/fde82a9efda34b6891d95365095a70062f2ed1fd?cid=20ddf5269e214f479a81bd27929af65c
4Bl3vhxLgSmTxbHTFR7eyd,https://p.scdn.co/mp3-preview/1a813b1e4c50aab851a745ead9fa64cb785a9a36?cid=20ddf5269e214f479a81bd27929af65c
1ahVFh0ViDZr8LvkEVlq3B,https://p.scdn.co/mp3-preview/4bed9eb0a05a380d09fe5436926c147e5fe4d7bb?cid=20ddf5269e214f479a81bd27929af65c
5psEZhQu6lukjhavJo4AbC,
0AUvWawuP0ibk4SQ3sIZjk,https://p.scdn.co/mp3-preview/8dea3bcf4bcfd432e0dd90df4f2f83e356255535?cid=20ddf5269e214f479a81bd27929af65c
2CojUpxxHPbUL6oelS5hcg,https://p.scdn.co/mp3-preview/a7272e42bc6527c5a6de40b129bf1e5b672d5c99?cid=20ddf5269e214f479a81bd27929af65c
3Kkjo3cT83cw09VJyrLNwX,https://p.scdn.co/mp3-preview/da3141fbf42b7fe6d809a87d75d8537056381970?cid=20ddf5269e214f479a81bd27929af65c
40T5GIqQ1CegGm2PTEl8Bu,
66BjcDhhwWCcQIBxHMpKXh,https://p.scdn.co/mp3-preview/388aa18da0121a8567a8234588a81ebc61710702?cid=20ddf5269e214f479a81bd27929af65c
1CcLA0eaauck34YEIrvAAq,https://p.scdn.co/mp3-preview/082f3e35b4ffbf7751deac28c70e27a84cab7ed3?cid=20ddf5269e214f479a81bd27929af65c
0BjfodYJYki5xbxHJZe0Cf,https://p.scdn.co/mp3-preview/4a6acbab898040f433e16d1c17bc30e8a794f4e1?cid=20ddf5269e214f479a81bd27929af65c
2wtjKTnfYimgKi9cPxPBPV,https://p.scdn.co/mp3-preview/50ef20dd0f33a9424ed1f7d6adc17de777106d81?cid=20ddf5269e214f479a81bd27929af65c
4VHWDEnJOWXHqgBhQcgcPW,https://p.scdn.co/mp3-preview/3e96bffb3b43588d17a5e49b89ebc0d4dbdb5c5d?cid=20ddf5269e214f479a81bd27929af65c
4so0Wek9Ig1p6CRCHuINwW,
2D0dj3hVkRQJCp63cxCPEx,
4PS1e8f2LvuTFgUs1Cn3ON,
5eTaQYBE1yrActixMAeLcZ,https://p.scdn.co/mp3-preview/48a88093bc85e735791115290125fc354f8ed068?cid=20ddf5269e214f479a81bd27929af65c
5Q2P43CJra0uRAogjHyJDK,https://p.scdn.co/mp3-preview/7efd53b0671a7971e7b4ac6827b665c30d80e3ad?cid=20ddf5269e214f479a81bd27929af65c
6Tio0ZoDeSQnI7EBAqWer2,https://p.scdn.co/mp3-preview/ff117b86a94946f9c616474f38c3388a7533575e?cid=20ddf5269e214f479a81bd27929af65c
25bM4zmalHioTOMMGt8Jn9,https://p.scdn.co/mp3-preview/9e9e5a358646db6819e3b3fb1330b1add3745110?cid=20ddf5269e214f479a81bd27929af65c
6RLcLw3zlqZFhL0dxQrEvD,https://p.scdn.co/mp3-preview/761bccf4c4bed1dc3b53abc16cc90093dc798d0a?cid=20ddf5269e214f479a81bd27929af65c
1Is1orea1vY8ZF4pnyZHBQ,https://p.scdn.co/mp3-preview/3e1e9c4fe13c8e958063f95228ae91363369338e?cid=20ddf5269e214f479a81bd27929af65c
4QNpBfC0zvjKqPJcyqBy9W,https://p.scdn.co/mp3-preview/6eafa4293d2b35b2e75ffab5ec1bba8ec00d5082?cid=20ddf5269e214f479a81bd27929af65c
1xU2QZ40MY4Ex2pfczZa9U,
7hIjPLEhARePR07iBlXnCv,https://p.scdn.co/mp3-preview/e94590738763300a1988ceb28f953cc988ef66d1?cid=20ddf5269e214f479a81bd27929af65c
5UlnuulVAVmmesw4VzqHdG,
3vAn0qZzdyuHamcrpkfiX3,
1rDQ4oMwGJI7B4tovsBOxc,
4BHHsydPdymvTW0cmasgAR,https://p.scdn.co/mp3-preview/9fbf5942b89c916857dac03678ff64e87c5cd074?cid=20ddf5269e214f479a81bd27929af65c
1LuXPfE3lgAzS8w5IcHAbL,https://p.scdn.co/mp3-preview/ad4a4b1cb58519b666ad73f7562c6dd6e8aa542a?cid=20ddf5269e214f479a81bd27929af65c
0HD8mbiPjp3o94X3EaZp0o,
0Ro1NBqAymTPeQuHVNOekw,https://p.scdn.co/mp3-preview/1f5533c26405e68fa5e2f26c29f74273f4f611d9?cid=20ddf5269e214f479a81bd27929af65c
6AGOKlMZWLCaEJGnaROtF9,https://p.scdn.co/mp3-preview/5f8e41ff69918de51a17df2f9b4517c1fa319b9c?cid=20ddf5269e214f479a81bd27929af65c
3sPhtiyni2Qd4afucTw1Gr,
3ODqW3BpvZX3DqN36hQWVs,https://p.scdn.co/mp3-preview/dabdd6d95b418f8ab743d1d87f5579e84da363f7?cid=20ddf5269e214f479a81bd27929af65c
6V9fHiv84WlVTg7CSnIVY2,
2JvzF1RMd7lE3KmFlsyZD8,
6ap9lSRJ0iLriGLqoJ44cq,https://p.scdn.co/mp3-preview/1dc221c1bc37731ca73dfada8a834b1db041d17d?cid=20ddf5269e214f479a81bd27929af65c
63WuQOXohQIxOxIFA2K7bR,https://p.scdn.co/mp3-preview/bad81783342cbf3a2888a074e4365592e28c74e9?cid=20ddf5269e214f479a81bd27929af65c
6Qn5zhYkTa37e91HC1D7lb,
1H7KnK26kc1YyellpbINEn,
2HRgqmZQC0MC7GeNuDIXHN,https://p.scdn.co/mp3-preview/c6f315711a77fba52139f54587afa7e7d16a1232?cid=20ddf5269e214f479a81bd27929af65c
5rZlwNFl01HqLWBQGryKSm,
31qCy5ZaophVA81wtlwLc4,
3M89zvwwb1jtDUDKYNsdiA,https://p.scdn.co/mp3-preview/ba05a616890c283d9b6824fefa25935ccae3d9e8?cid=20ddf5269e214f479a81bd27929af65c
0i0wnv9UoFdZ5MfuFGQzMy,https://p.scdn.co/mp3-preview/f7ba20cfdeee8a4d8b27732e121336369cb0e48c?cid=20ddf5269e214f479a81bd27929af65c
3Uo7WG0vmLQ07WB4BDwy7D,
54OBgO0Xwu20Jak9TMXbR7,
6xtrxNn56pSi1qvYXMUapg,https://p.scdn.co/mp3-preview/5c926fc122ddafd418d479d06199b9dc76cecf60?cid=20ddf5269e214f479a81bd27929af65c
45NZ6MHZFLsFEhA0quWeEn,
41L3O37CECZt3N7ziG2z7l,
15EdGSZSF1egiaBuqMqTZd,https://p.scdn.co/mp3-preview/f2407b8b5c838345345b0cac9808f0d53d53cbed?cid=20ddf5269e214f479a81bd27929af65c
0h3Xy4V4apMraB5NuM8U7Z,https://p.scdn.co/mp3-preview/337887c5edcda7996b63cd5176b103aa46cbdf3f?cid=20ddf5269e214f479a81bd27929af65c
2GiJYvgVaD2HtM8GqD9EgQ,
3S8kmyymRGsUzx1r6GO4Xk,
5aIVCx5tnk0ntmdiinnYvw,https://p.scdn.co/mp3-preview/92479d43666b31ca72b7e2a4fad74568f98ee41e?cid=20ddf5269e214f479a81bd27929af65c
63ANDuFpcX21uUiiTGPD95,https://p.scdn.co/mp3-preview/98bcb531b9aa05b006a08ad806644b978b245cf9?cid=20ddf5269e214f479a81bd27929af65c
1OjmlSFuzYflWjSMTCyTJv,
3yNZ5r3LKfdmjoS3gkhUCT,
1Qi2wh8fFgDV7tl4Sj3f2K,
7MiZjKawmXTsTNePyTfPyL,https://p.scdn.co/mp3-preview/712f2fe51bbaa666c423168f2c231098fbd09b4a?cid=20ddf5269e214f479a81bd27929af65c
2iL0W5qi0ivZ9WRXbZ74cS,https://p.scdn.co/mp3-preview/2e9b1443a1923fdcf3ac6eff51322e247a9039a6?cid=20ddf5269e214f479a81bd27929af65c
7lltBIlRGvs56wxrQgxakT,https://p.scdn.co/mp3-preview/e507cdd5a9b79941fed44cd52310a6135b11f5ce?cid=20ddf5269e214f479a81bd27929af65c
6q5hgTGtusA0tZuMS6mRIk,
28xX6K8LnkZve4RiuEB3iK,https://p.scdn.co/mp3-preview/fe5230610f836696f958aaa6734baa78e37b5507?cid=20ddf5269e214f479a81bd27929af65c
222B3aljXx6fFwKmFjuBED,https://p.scdn.co/mp3-preview/8129f6c7b7084f513f5351976e41963f69dfbc61?cid=20ddf5269e214f479a81bd27929af65c
2SL6oP2YAEQbqsrkOzRGO4,
2GxrNKugF82CnoRFbQfzPf,https://p.scdn.co/mp3-preview/6ce9233edb212fe7cf02273f4369d2c60c28e887?cid=20ddf5269e214f479a81bd27929af65c
3SZqA7rQvROJsCbUu2v0xa,
4rDbp1vnvEhieiccprPMdI,
4cIPLtg1avt2Jm3ne9S1zy,
2kJu14V7hbZw3I4K8L8SXb,
2alc8VZAzDgdAsL2QMk3hu,https://p.scdn.co/mp3-preview/ba90e9d6f26e85abffa0aa2e1384d017622e9553?cid=20ddf5269e214f479a81bd27929af65c
4Z55llsKV24VTRpncDWVu8,https://p.scdn.co/mp3-preview/442f5ec042b7f4981d65e6403cfe531de3ea97e6?cid=20ddf5269e214f479a81bd27929af65c
4SEk1AnKCF5UrtVKeoiINn,
4z0revXXqTLAfaFsRLN2ea,https://p.scdn.co/mp3-preview/c9716af2054974836a5c20c46166e589ed12af17?cid=20ddf5269e214f479a81bd27929af65c
0k4d5YPDr1r7FX77VdqWez,https://p.scdn.co/mp3-preview/6f9e50e5f716c7e2441d4e0262304656c5b108fa?cid=20ddf5269e214f479a81bd27929af65c
3frUvGrmGcay91lvFbOgsN,https://p.scdn.co/mp3-preview/8a01fec53d28c7589003cbf13c927134105507dd?cid=20ddf5269e214f479a81bd27929af65c
3gJgPxfGZ563BKUxb1xL63,https://p.scdn.co/mp3-preview/b62cae964df3571f8315de1c641aa90631c38206?cid=20ddf5269e214f479a81bd27929af65c
7uVfJBixz1VViRCizlpr8L,https://p.scdn.co/mp3-preview/e4de751b3381780323ee106a200b4cc9c320c897?cid=20ddf5269e214f479a81bd27929af65c
1ZdhOMWyFR8Iv9eylMGYg2,https://p.scdn.co/mp3-preview/002d61108f8dadbe8160849a01976f5e15f85985?cid=20ddf5269e214f479a81bd27929af65c
6TqXcAFInzjp0bODyvrWEq,https://p.scdn.co/mp3-preview/661e932327a67700d06ea7aeebf13de8c5b56d3d?cid=20ddf5269e214f479a81bd27929af65c
43XsnT2iaUxlfE90ZEE7ip,
2kQuhkFX7uSVepCD3h29g5,
2TdN8vYZq8GlEFzY5l2xsc,https://p.scdn.co/mp3-preview/c2d9a4daecf2cd61f32443b1902ce66c72d3e739?cid=20ddf5269e214f479a81bd27929af65c
2nC3QhMI9reBIOWutbU3Tj,https://p.scdn.co/mp3-preview/9a650b89f6d818752a916e41b24bbd1fb57268b6?cid=20ddf5269e214f479a81bd27929af65c
4keoy2fqgwGnbWlm3ZVZFa,
1m0UFnuTktOkksvjbF9z0m,
51NFxnQvaosfDDutk0tams,
1uMHCAyGmHqyygoNRuo7MV,
5TBIYGyNiqCpjPlCb70v4R,
3kSSX7BGVHRjhsTziPJpr9,https://p.scdn.co/mp3-preview/e1951b6b91dc16d3fee2ff27732c7e781dce264c?cid=20ddf5269e214f479a81bd27929af65c
3ZFTkvIE7kyPt6Nu3PEa7V,https://p.scdn.co/mp3-preview/374b492571c9ba59c2c4b455ab79ee7501adab93?cid=20ddf5269e214f479a81bd27929af65c
4LLprcvLek7hIyJehQh38F,https://p.scdn.co/mp3-preview/c7635d45fcb328e8bec5b4bd572f22439bbfaf11?cid=20ddf5269e214f479a81bd27929af65c
7x9aauaA9cu6tyfpHnqDLo,https://p.scdn.co/mp3-preview/2f2b3f4eaf405ac3ba9792456cec93ae88942cfc?cid=20ddf5269e214f479a81bd27929af65c
0OyQns5ayNK2OVaES0Vb8t,
1DmW5Ep6ywYwxc2HMT5BG6,
53YWD33hNOR3DCztgt1URA,https://p.scdn.co/mp3-preview/eb991cbc4afbd65de8226e67108f8ddde3f59f5f?cid=20ddf5269e214f479a81bd27929af65c
2QZ7WLBE8h2y1Y5Fb8RYbH,
4w47S36wQGBhGg073q3nt7,https://p.scdn.co/mp3-preview/9d11413f10a32338e440160f6c0620cddde108fc?cid=20ddf5269e214f479a81bd27929af65c
5JdLUE9D743ob2RtgmVpVx,https://p.scdn.co/mp3-preview/ae92ee0a2a8c89f8a6aee8b7da019209c3f13eb5?cid=20ddf5269e214f479a81bd27929af65c
5odlY52u43F5BjByhxg7wg,https://p.scdn.co/mp3-preview/bcc17f30841d6fbf3cd7954c3e3cf669f11b6a21?cid=20ddf5269e214f479a81bd27929af65c
3PIDciSFdrQxSQSihim3hN,https://p.scdn.co/mp3-preview/e78ef756e23cc9b3a8de097ae4e0a62125bdac0e?cid=20ddf5269e214f479a81bd27929af65c
5uQ7de4EWjb3rkcFxyEOpu,https://p.scdn.co/mp3-preview/94cf6a4e7df256464aa0a91ee048c901185a8964?cid=20ddf5269e214f479a81bd27929af65c
2d1MywHy6FwKdzxFuSJnwl,
7wFybC8jBH3zE139OpCtpG,
708JXY4n5r7F5ZNoJ2Sez4,
28drn6tQo95MRvO0jQEo5C,https://p.scdn.co/mp3-preview/4743d8302c54f95d6f79858b7c67764b1d45e9a3?cid=20ddf5269e214f479a81bd27929af65c
1Iwqjh7hXYc8KI7GmBeNrq,
5wG3HvLhF6Y5KTGlK0IW3J,
5a6pdCHlWS2ekOOQ70QnAr,
6UN73IYd0hZxLi8wFPMQij,
1mea3bSkSGXuIRvnydlB5b,https://p.scdn.co/mp3-preview/fb9f4a9b0887326776b4fb7c6d331acd167a7778?cid=20ddf5269e214f479a81bd27929af65c
0jiPKUSdsJNCxMPHjMqptk,
40uMIn2zJLAQhNXghRjBed,
6fenHIxXuuzKB55wY4WCHP,
7p4tetW3qNwSCz92PLGJg5,https://p.scdn.co/mp3-preview/32ea5e499e3c128f421c71a01d4f1fb3f52ec8b7?cid=20ddf5269e214f479a81bd27929af65c
10hMM5nsZQf66ldBlgWBfG,
4hPpVbbakQNv8YTHYaOJP4,
55CHeLEfn5iJ0IIkgaa4si,https://p.scdn.co/mp3-preview/275028c7d76bb4b7136b0d98656f2b6a0d4b483f?cid=20ddf5269e214f479a81bd27929af65c
2MlOUXmcofMackX3bxfSwi,https://p.scdn.co/mp3-preview/5faf9f944f782010fac00d017cfbb34139044264?cid=20ddf5269e214f479a81bd27929af65c
4DpNNXFMMxQEKl7r0ykkWA,https://p.scdn.co/mp3-preview/02571c396fcc7c23b6af493d60ea9121c1f397b1?cid=20ddf5269e214f479a81bd27929af65c
2WyRfGeHo97VC5mP1BBSzr,
3K00Ib1shkOEiAXU5pec6e,https://p.scdn.co/mp3-preview/5e55b1b6d93fa75a9f50cf2eef7873425a421366?cid=20ddf5269e214f479a81bd27929af65c
1v1oIWf2Xgh54kIWuKsDf6,
3KRlsevO0DSiJ4ATTSQMKR,
2H5Xte3poqJ1ld8HtmC7yc,https://p.scdn.co/mp3-preview/cfd2339375622ee8e9596bad4b107b3db7a6b7d2?cid=20ddf5269e214f479a81bd27929af65c
4tNXntkAzQ5A2dfYRYGIIQ,
1EcAzTK5e1rBITKtOaXEjS,https://p.scdn.co/mp3-preview/23c09c346dd3d30150b1bab3f8ce30c68170a9b4?cid=20ddf5269e214f479a81bd27929af65c
52LyjAFTktrvC93E08VkRi,
2eAvDnpXP5W0cVtiI0PUxV,https://p.scdn.co/mp3-preview/3e55602bc286bc1fad9347931327e649ff9adfa1?cid=20ddf5269e214f479a81bd27929af65c
0AjmK0Eai4zGrLaJwPvrDp,
0TbhapWcm8UxFS4wU27Ooa,https://p.scdn.co/mp3-preview/c38c0620ac9ae8df0ec3587b3fd41244375c3f19?cid=20ddf5269e214f479a81bd27929af65c
22mek4IiqubGD9ctzxc69s,https://p.scdn.co/mp3-preview/6aa9aca8fda017e572a0065c00a67feb6f044d0c?cid=20ddf5269e214f479a81bd27929af65c
3O4K18pKijLPiubNrt5ENW,https://p.scdn.co/mp3-preview/a014c7cd62b230ece25c6f7171ca402463a6aca0?cid=20ddf5269e214f479a81bd27929af65c
3zkyus0njMCL6phZmNNEeN,https://p.scdn.co/mp3-preview/5391f8e7621898d3f5237e297e3fbcabe1fe3494?cid=20ddf5269e214f479a81bd27929af65c
2uqYupMHANxnwgeiXTZXzd,https://p.scdn.co/mp3-preview/ac9eb85420aa97ed0bd023a08607fcae7fd79d36?cid=20ddf5269e214f479a81bd27929af65c
3F1P0QzdXtBz0MXy7KIO5w,https://p.scdn.co/mp3-preview/8bc5e53c711b522a7009b3784263f17c75d1c0c8?cid=20ddf5269e214f479a81bd27929af65c
7whf09ip8uNvMoBgb3o9Yc,https://p.scdn.co/mp3-preview/857c3f3fdb2d0fef15b56ce19f156f959ff5661f?cid=20ddf5269e214f479a81bd27929af65c
4rMWDm28mERZcRPc1f3yir,
3Cp16d3I7T4lTDxFatl0RH,
5V7eE5xpJKbBCnzlO4JSNc,
5IndtdoGafpsEY3dIuJP30,
2c7GlMNmF7pbohjykutmLP,
7JJmb5XwzOO8jgpou264Ml,
3hTdBdTEp5c60skJPonpaV,
1rIKgCH4H52lrvDcz50hS8,https://p.scdn.co/mp3-preview/2f14e67d9660815897317b300241b228e40bcd97?cid=20ddf5269e214f479a81bd27929af65c
5tAa8Uaqr4VvA3693mbIhU,https://p.scdn.co/mp3-preview/54e95818869dc3a3b81a15325dce6598557e3dff?cid=20ddf5269e214f479a81bd27929af65c
3W0Nlg1cO7ZY56vye5VV8E,
4u4NyuceXP7Uzh7XFJKCr1,
6wQlQrTY5mVS8EGaFZVwVF,
